e1,p1,o1,e2,p2,o2,equals
http://dbkwik.webdatacommons.org/memory-alpha.wikia.com/resource/Deuterium,http://dbkwik.webdatacommons.org/memory-alpha.wikia.com/property/symbol,2,http://dbpedia.org/resource/Deuterium,http://dbpedia.org/property/symbol,H,FALSE
http://dbkwik.webdatacommons.org/memory-alpha.wikia.com/resource/Jeffrey_Combs,http://dbkwik.webdatacommons.org/memory-alpha.wikia.com/property/birthName,Jeffrey Alan Combs,http://dbpedia.org/resource/Jeffrey_Combs,http://dbpedia.org/ontology/birthName,Jeffrey Alan Combs,TRUE
http://dbkwik.webdatacommons.org/memory-alpha.wikia.com/resource/Jeffrey_Combs,http://dbkwik.webdatacommons.org/memory-alpha.wikia.com/property/birthName,Jeffrey Alan Combs,http://dbpedia.org/resource/Jeffrey_Combs,http://dbpedia.org/property/birthName,Jeffrey Alan Combs,TRUE
http://dbkwik.webdatacommons.org/memory-alpha.wikia.com/resource/USS_Enterprise_(NCC-1701),http://dbkwik.webdatacommons.org/memory-alpha.wikia.com/property/registry,http://dbkwik.webdatacommons.org/memory-alpha.wikia.com/resource/NCC,http://dbpedia.org/resource/USS_Enterprise_(NCC-1701),http://dbpedia.org/property/registry,NCC-1701,FALSE
http://dbkwik.webdatacommons.org/memory-alpha.wikia.com/resource/HMS_Victory,http://dbkwik.webdatacommons.org/memory-alpha.wikia.com/property/class,Warship,http://dbpedia.org/resource/HMS_Victory,http://dbpedia.org/ontology/class,http://dbpedia.org/resource/First-rate,FALSE
http://dbkwik.webdatacommons.org/memory-alpha.wikia.com/resource/Maurice_Hurley,http://dbkwik.webdatacommons.org/memory-alpha.wikia.com/property/birthName,Maurice Edward Hurley,http://dbpedia.org/resource/Maurice_Hurley,http://dbpedia.org/ontology/birthName,Maurice Hurley,TRUE
http://dbkwik.webdatacommons.org/memory-alpha.wikia.com/resource/Maurice_Hurley,http://dbkwik.webdatacommons.org/memory-alpha.wikia.com/property/birthName,Maurice Edward Hurley,http://dbpedia.org/resource/Maurice_Hurley,http://dbpedia.org/property/birthName,Maurice Hurley,TRUE
http://dbkwik.webdatacommons.org/memory-alpha.wikia.com/resource/Winston_Churchill,http://dbkwik.webdatacommons.org/memory-alpha.wikia.com/property/species,http://dbkwik.webdatacommons.org/memory-alpha.wikia.com/resource/Human,http://dbpedia.org/resource/Winston_Churchill,http://dbpedia.org/property/species,no,FALSE
http://dbkwik.webdatacommons.org/memory-alpha.wikia.com/resource/Ronald_D._Moore,http://dbkwik.webdatacommons.org/memory-alpha.wikia.com/property/birthName,Ronald Dowl Moore,http://dbpedia.org/resource/Ronald_D._Moore,http://dbpedia.org/ontology/birthName,Ronald Dowl Moore,TRUE
http://dbkwik.webdatacommons.org/memory-alpha.wikia.com/resource/Ronald_D._Moore,http://dbkwik.webdatacommons.org/memory-alpha.wikia.com/property/birthName,Ronald Dowl Moore,http://dbpedia.org/resource/Ronald_D._Moore,http://dbpedia.org/property/birthName,Ronald Dowl Moore,TRUE
http://dbkwik.webdatacommons.org/memory-alpha.wikia.com/resource/Spock,http://dbkwik.webdatacommons.org/memory-alpha.wikia.com/property/species,http://dbkwik.webdatacommons.org/memory-alpha.wikia.com/resource/Human,http://dbpedia.org/resource/Spock,http://dbpedia.org/property/species,,FALSE
http://dbkwik.webdatacommons.org/memory-alpha.wikia.com/resource/Spock,http://dbkwik.webdatacommons.org/memory-alpha.wikia.com/property/species,http://dbkwik.webdatacommons.org/memory-alpha.wikia.com/resource/Human,http://dbpedia.org/resource/Spock,http://dbpedia.org/property/species,Half-human,FALSE
http://dbkwik.webdatacommons.org/memory-alpha.wikia.com/resource/Spock,http://dbkwik.webdatacommons.org/memory-alpha.wikia.com/property/species,http://dbkwik.webdatacommons.org/memory-alpha.wikia.com/resource/Human,http://dbpedia.org/resource/Spock,http://dbpedia.org/property/species,Half-Vulcan,FALSE
http://dbkwik.webdatacommons.org/memory-alpha.wikia.com/resource/Spock,http://dbkwik.webdatacommons.org/memory-alpha.wikia.com/property/species,http://dbkwik.webdatacommons.org/memory-alpha.wikia.com/resource/Hybrid,http://dbpedia.org/resource/Spock,http://dbpedia.org/property/species,,FALSE
http://dbkwik.webdatacommons.org/memory-alpha.wikia.com/resource/Spock,http://dbkwik.webdatacommons.org/memory-alpha.wikia.com/property/species,http://dbkwik.webdatacommons.org/memory-alpha.wikia.com/resource/Hybrid,http://dbpedia.org/resource/Spock,http://dbpedia.org/property/species,Half-human,FALSE
http://dbkwik.webdatacommons.org/memory-alpha.wikia.com/resource/Spock,http://dbkwik.webdatacommons.org/memory-alpha.wikia.com/property/species,http://dbkwik.webdatacommons.org/memory-alpha.wikia.com/resource/Hybrid,http://dbpedia.org/resource/Spock,http://dbpedia.org/property/species,Half-Vulcan,FALSE
http://dbkwik.webdatacommons.org/memory-alpha.wikia.com/resource/Spock,http://dbkwik.webdatacommons.org/memory-alpha.wikia.com/property/species,http://dbkwik.webdatacommons.org/memory-alpha.wikia.com/resource/Vulcan,http://dbpedia.org/resource/Spock,http://dbpedia.org/property/species,,FALSE
http://dbkwik.webdatacommons.org/memory-alpha.wikia.com/resource/Spock,http://dbkwik.webdatacommons.org/memory-alpha.wikia.com/property/species,http://dbkwik.webdatacommons.org/memory-alpha.wikia.com/resource/Vulcan,http://dbpedia.org/resource/Spock,http://dbpedia.org/property/species,Half-human,FALSE
http://dbkwik.webdatacommons.org/memory-alpha.wikia.com/resource/Spock,http://dbkwik.webdatacommons.org/memory-alpha.wikia.com/property/species,http://dbkwik.webdatacommons.org/memory-alpha.wikia.com/resource/Vulcan,http://dbpedia.org/resource/Spock,http://dbpedia.org/property/species,Half-Vulcan,FALSE
http://dbkwik.webdatacommons.org/memory-alpha.wikia.com/resource/Spock,http://dbkwik.webdatacommons.org/memory-alpha.wikia.com/property/species,http://dbkwik.webdatacommons.org/memory-alpha.wikia.com/resource/Human,http://dbpedia.org/resource/Spock,http://dbpedia.org/ontology/species,http://dbpedia.org/resource/Vulcan_(Star_Trek),FALSE
http://dbkwik.webdatacommons.org/memory-alpha.wikia.com/resource/Spock,http://dbkwik.webdatacommons.org/memory-alpha.wikia.com/property/species,http://dbkwik.webdatacommons.org/memory-alpha.wikia.com/resource/Hybrid,http://dbpedia.org/resource/Spock,http://dbpedia.org/ontology/species,http://dbpedia.org/resource/Vulcan_(Star_Trek),FALSE
http://dbkwik.webdatacommons.org/memory-alpha.wikia.com/resource/Spock,http://dbkwik.webdatacommons.org/memory-alpha.wikia.com/property/species,http://dbkwik.webdatacommons.org/memory-alpha.wikia.com/resource/Vulcan,http://dbpedia.org/resource/Spock,http://dbpedia.org/ontology/species,http://dbpedia.org/resource/Vulcan_(Star_Trek),TRUE
http://dbkwik.webdatacommons.org/memory-alpha.wikia.com/resource/Enterprise_(OV-101),http://dbkwik.webdatacommons.org/memory-alpha.wikia.com/property/owner,http://dbkwik.webdatacommons.org/memory-alpha.wikia.com/resource/United_States_of_America,http://dbpedia.org/resource/Space_Shuttle_Enterprise,http://dbpedia.org/property/owner,http://dbpedia.org/resource/NASA,FALSE
http://dbkwik.webdatacommons.org/memory-alpha.wikia.com/resource/Jean-Luc_Picard,http://dbkwik.webdatacommons.org/memory-alpha.wikia.com/property/species,http://dbkwik.webdatacommons.org/memory-alpha.wikia.com/resource/Human,http://dbpedia.org/resource/Jean-Luc_Picard,http://dbpedia.org/property/species,,FALSE
http://dbkwik.webdatacommons.org/memory-alpha.wikia.com/resource/Jean-Luc_Picard,http://dbkwik.webdatacommons.org/memory-alpha.wikia.com/property/species,http://dbkwik.webdatacommons.org/memory-alpha.wikia.com/resource/Human,http://dbpedia.org/resource/Jean-Luc_Picard,http://dbpedia.org/property/species,"Human ,",TRUE
http://dbkwik.webdatacommons.org/memory-alpha.wikia.com/resource/Jean-Luc_Picard,http://dbkwik.webdatacommons.org/memory-alpha.wikia.com/property/species,http://dbkwik.webdatacommons.org/memory-alpha.wikia.com/resource/Human,http://dbpedia.org/resource/Jean-Luc_Picard,http://dbpedia.org/property/species,Synthetic Human,TRUE
http://dbkwik.webdatacommons.org/memory-alpha.wikia.com/resource/Alexander_Siddig,http://dbkwik.webdatacommons.org/memory-alpha.wikia.com/property/birthName,Siddig El Tahir El Fadil El Siddig Abderahman Mohammed Ahmed Abdel Karim El Mahdi,http://dbpedia.org/resource/Alexander_Siddig,http://dbpedia.org/ontology/birthName,Siddig El Tahir El Fadil El Siddig Abdurrahman Mohammed Ahmed Abdul Karim El Mahdi,TRUE
http://dbkwik.webdatacommons.org/memory-alpha.wikia.com/resource/Sarek,http://dbkwik.webdatacommons.org/memory-alpha.wikia.com/property/gender,http://dbkwik.webdatacommons.org/memory-alpha.wikia.com/resource/Gender,http://dbpedia.org/resource/Sarek,http://dbpedia.org/ontology/gender,http://dbpedia.org/resource/Male,FALSE
http://dbkwik.webdatacommons.org/memory-alpha.wikia.com/resource/Sarek,http://dbkwik.webdatacommons.org/memory-alpha.wikia.com/property/gender,http://dbkwik.webdatacommons.org/memory-alpha.wikia.com/resource/Gender,http://dbpedia.org/resource/Sarek,http://dbpedia.org/property/gender,http://dbpedia.org/resource/Male,FALSE
http://dbkwik.webdatacommons.org/memory-alpha.wikia.com/resource/Sarek,http://dbkwik.webdatacommons.org/memory-alpha.wikia.com/property/species,http://dbkwik.webdatacommons.org/memory-alpha.wikia.com/resource/Vulcan,http://dbpedia.org/resource/Sarek,http://dbpedia.org/property/species,http://dbpedia.org/resource/Vulcan_(Star_Trek),TRUE
http://dbkwik.webdatacommons.org/memory-alpha.wikia.com/resource/Sarek,http://dbkwik.webdatacommons.org/memory-alpha.wikia.com/property/species,http://dbkwik.webdatacommons.org/memory-alpha.wikia.com/resource/Vulcan,http://dbpedia.org/resource/Sarek,http://dbpedia.org/ontology/species,http://dbpedia.org/resource/Vulcan_(Star_Trek),TRUE
http://dbkwik.webdatacommons.org/memory-alpha.wikia.com/resource/Sarek,http://dbkwik.webdatacommons.org/memory-alpha.wikia.com/property/spouse,http://dbkwik.webdatacommons.org/memory-alpha.wikia.com/resource/Perrin,http://dbpedia.org/resource/Sarek,http://dbpedia.org/ontology/spouse,http://dbpedia.org/resource/Amanda_Grayson,FALSE
http://dbkwik.webdatacommons.org/memory-alpha.wikia.com/resource/Sarek,http://dbkwik.webdatacommons.org/memory-alpha.wikia.com/property/spouse,http://dbkwik.webdatacommons.org/memory-alpha.wikia.com/resource/Amanda_Grayson,http://dbpedia.org/resource/Sarek,http://dbpedia.org/ontology/spouse,http://dbpedia.org/resource/Amanda_Grayson,TRUE
http://dbkwik.webdatacommons.org/memory-alpha.wikia.com/resource/Lyndon_B._Johnson,http://dbkwik.webdatacommons.org/memory-alpha.wikia.com/property/spouse,http://dbkwik.webdatacommons.org/memory-alpha.wikia.com/resource/Lady_Bird_Johnson,http://dbpedia.org/resource/Lyndon_B._Johnson,http://dbpedia.org/ontology/spouse,http://dbpedia.org/resource/Lady_Bird_Johnson,TRUE
http://dbkwik.webdatacommons.org/memory-alpha.wikia.com/resource/Brent_Spiner,http://dbkwik.webdatacommons.org/memory-alpha.wikia.com/property/birthName,Brent Jay Spiner,http://dbpedia.org/resource/Brent_Spiner,http://dbpedia.org/ontology/birthName,Brent Jay Spiner,TRUE
http://dbkwik.webdatacommons.org/memory-alpha.wikia.com/resource/Brent_Spiner,http://dbkwik.webdatacommons.org/memory-alpha.wikia.com/property/birthName,Brent Jay Spiner,http://dbpedia.org/resource/Brent_Spiner,http://dbpedia.org/property/birthName,Brent Jay Spiner,TRUE
http://dbkwik.webdatacommons.org/memory-alpha.wikia.com/resource/Avery_Brooks,http://dbkwik.webdatacommons.org/memory-alpha.wikia.com/property/birthName,Avery Franklin Brooks,http://dbpedia.org/resource/Avery_Brooks,http://dbpedia.org/ontology/birthName,Avery Franklin Brooks,TRUE
http://dbkwik.webdatacommons.org/memory-alpha.wikia.com/resource/Avery_Brooks,http://dbkwik.webdatacommons.org/memory-alpha.wikia.com/property/birthName,Avery Franklin Brooks,http://dbpedia.org/resource/Avery_Brooks,http://dbpedia.org/property/birthName,Avery Franklin Brooks,TRUE
http://dbkwik.webdatacommons.org/memory-alpha.wikia.com/resource/Arex,http://dbkwik.webdatacommons.org/memory-alpha.wikia.com/property/status,Active,http://dbpedia.org/resource/AREX,http://dbpedia.org/property/status,Operational,FALSE
http://dbkwik.webdatacommons.org/memory-alpha.wikia.com/resource/Genghis_Khan,http://dbkwik.webdatacommons.org/memory-alpha.wikia.com/property/species,http://dbkwik.webdatacommons.org/memory-alpha.wikia.com/resource/Human,http://dbpedia.org/resource/Genghis_Khan,http://dbpedia.org/property/species,no,FALSE
http://dbkwik.webdatacommons.org/memory-alpha.wikia.com/resource/Barry_Jenner,http://dbkwik.webdatacommons.org/memory-alpha.wikia.com/property/birthName,Barry Francis Jenner,http://dbpedia.org/resource/Barry_Jenner,http://dbpedia.org/ontology/birthName,Barry Francis Jenner,TRUE
http://dbkwik.webdatacommons.org/memory-alpha.wikia.com/resource/Barry_Jenner,http://dbkwik.webdatacommons.org/memory-alpha.wikia.com/property/birthName,Barry Francis Jenner,http://dbpedia.org/resource/Barry_Jenner,http://dbpedia.org/property/birthName,Barry Francis Jenner,TRUE
http://dbkwik.webdatacommons.org/memory-alpha.wikia.com/resource/Kitty_Swink,http://dbkwik.webdatacommons.org/memory-alpha.wikia.com/property/birthName,Kathryn A. Swink,http://dbpedia.org/resource/Kitty_Swink,http://dbpedia.org/ontology/birthName,Kathryn Swink,TRUE
http://dbkwik.webdatacommons.org/memory-alpha.wikia.com/resource/Kitty_Swink,http://dbkwik.webdatacommons.org/memory-alpha.wikia.com/property/birthName,Kathryn A. Swink,http://dbpedia.org/resource/Kitty_Swink,http://dbpedia.org/property/birthName,Kathryn Swink,TRUE
http://dbkwik.webdatacommons.org/memory-alpha.wikia.com/resource/Elim_Garak,http://dbkwik.webdatacommons.org/memory-alpha.wikia.com/property/gender,Male,http://dbpedia.org/resource/Elim_Garak,http://dbpedia.org/property/gender,male,TRUE
http://dbkwik.webdatacommons.org/memory-alpha.wikia.com/resource/Elim_Garak,http://dbkwik.webdatacommons.org/memory-alpha.wikia.com/property/species,http://dbkwik.webdatacommons.org/memory-alpha.wikia.com/resource/Cardassian,http://dbpedia.org/resource/Elim_Garak,http://dbpedia.org/property/species,http://dbpedia.org/resource/Cardassian,TRUE
http://dbkwik.webdatacommons.org/memory-alpha.wikia.com/resource/Elim_Garak,http://dbkwik.webdatacommons.org/memory-alpha.wikia.com/property/species,http://dbkwik.webdatacommons.org/memory-alpha.wikia.com/resource/Cardassian,http://dbpedia.org/resource/Elim_Garak,http://dbpedia.org/ontology/species,http://dbpedia.org/resource/Cardassian,TRUE
http://dbkwik.webdatacommons.org/memory-alpha.wikia.com/resource/Karl_Urban,http://dbkwik.webdatacommons.org/memory-alpha.wikia.com/property/birthName,Karl-Heinz Urban,http://dbpedia.org/resource/Karl_Urban,http://dbpedia.org/ontology/birthName,Karl-Heinz Urban,TRUE
http://dbkwik.webdatacommons.org/memory-alpha.wikia.com/resource/Karl_Urban,http://dbkwik.webdatacommons.org/memory-alpha.wikia.com/property/birthName,Karl-Heinz Urban,http://dbpedia.org/resource/Karl_Urban,http://dbpedia.org/property/birthName,Karl-Heinz Urban,TRUE
http://dbkwik.webdatacommons.org/memory-alpha.wikia.com/resource/Worf,http://dbkwik.webdatacommons.org/memory-alpha.wikia.com/property/species,http://dbkwik.webdatacommons.org/memory-alpha.wikia.com/resource/Klingon,http://dbpedia.org/resource/Worf,http://dbpedia.org/property/species,http://dbpedia.org/resource/Klingon,TRUE
http://dbkwik.webdatacommons.org/memory-alpha.wikia.com/resource/Worf,http://dbkwik.webdatacommons.org/memory-alpha.wikia.com/property/species,http://dbkwik.webdatacommons.org/memory-alpha.wikia.com/resource/Klingon,http://dbpedia.org/resource/Worf,http://dbpedia.org/ontology/species,http://dbpedia.org/resource/Klingon,TRUE
http://dbkwik.webdatacommons.org/memory-alpha.wikia.com/resource/Worf,http://dbkwik.webdatacommons.org/memory-alpha.wikia.com/property/spouse,http://dbkwik.webdatacommons.org/memory-alpha.wikia.com/resource/Jadzia_Dax,http://dbpedia.org/resource/Worf,http://dbpedia.org/ontology/spouse,http://dbpedia.org/resource/Jadzia_Dax,TRUE
http://dbkwik.webdatacommons.org/memory-alpha.wikia.com/resource/Worf,http://dbkwik.webdatacommons.org/memory-alpha.wikia.com/property/spouse,http://dbkwik.webdatacommons.org/memory-alpha.wikia.com/resource/K%27Ehleyr,http://dbpedia.org/resource/Worf,http://dbpedia.org/ontology/spouse,http://dbpedia.org/resource/Jadzia_Dax,FALSE
http://dbkwik.webdatacommons.org/memory-alpha.wikia.com/resource/Martok,http://dbkwik.webdatacommons.org/memory-alpha.wikia.com/property/species,http://dbkwik.webdatacommons.org/memory-alpha.wikia.com/resource/Klingon,http://dbpedia.org/resource/Martok,http://dbpedia.org/property/species,http://dbpedia.org/resource/Klingon,TRUE
http://dbkwik.webdatacommons.org/memory-alpha.wikia.com/resource/Martok,http://dbkwik.webdatacommons.org/memory-alpha.wikia.com/property/species,http://dbkwik.webdatacommons.org/memory-alpha.wikia.com/resource/Klingon,http://dbpedia.org/resource/Martok,http://dbpedia.org/ontology/species,http://dbpedia.org/resource/Klingon,TRUE
http://dbkwik.webdatacommons.org/memory-alpha.wikia.com/resource/Star_Trek_Magazine,http://dbkwik.webdatacommons.org/memory-alpha.wikia.com/property/editor,Christopher Cooper,http://dbpedia.org/resource/Star_Trek_Magazine,http://dbpedia.org/ontology/editor,http://dbpedia.org/resource/John_Freeman_(editor),FALSE
http://dbkwik.webdatacommons.org/memory-alpha.wikia.com/resource/Star_Trek_Magazine,http://dbkwik.webdatacommons.org/memory-alpha.wikia.com/property/editor,"John Freeman
Darryl Curtis",http://dbpedia.org/resource/Star_Trek_Magazine,http://dbpedia.org/ontology/editor,http://dbpedia.org/resource/John_Freeman_(editor),TRUE
http://dbkwik.webdatacommons.org/memory-alpha.wikia.com/resource/Star_Trek_Magazine,http://dbkwik.webdatacommons.org/memory-alpha.wikia.com/property/editor,Nick Jones,http://dbpedia.org/resource/Star_Trek_Magazine,http://dbpedia.org/ontology/editor,http://dbpedia.org/resource/John_Freeman_(editor),FALSE
http://dbkwik.webdatacommons.org/memory-alpha.wikia.com/resource/Star_Trek_Magazine,http://dbkwik.webdatacommons.org/memory-alpha.wikia.com/property/editor,Brian Robb,http://dbpedia.org/resource/Star_Trek_Magazine,http://dbpedia.org/ontology/editor,http://dbpedia.org/resource/John_Freeman_(editor),FALSE
http://dbkwik.webdatacommons.org/memory-alpha.wikia.com/resource/Star_Trek_Magazine,http://dbkwik.webdatacommons.org/memory-alpha.wikia.com/property/editor,Oliver Denker,http://dbpedia.org/resource/Star_Trek_Magazine,http://dbpedia.org/ontology/editor,http://dbpedia.org/resource/John_Freeman_(editor),FALSE
http://dbkwik.webdatacommons.org/memory-alpha.wikia.com/resource/Star_Trek_Magazine,http://dbkwik.webdatacommons.org/memory-alpha.wikia.com/property/editor,Toby Weidmann,http://dbpedia.org/resource/Star_Trek_Magazine,http://dbpedia.org/ontology/editor,http://dbpedia.org/resource/John_Freeman_(editor),FALSE
http://dbkwik.webdatacommons.org/memory-alpha.wikia.com/resource/Star_Trek_Magazine,http://dbkwik.webdatacommons.org/memory-alpha.wikia.com/property/editor,Paul Simpson,http://dbpedia.org/resource/Star_Trek_Magazine,http://dbpedia.org/ontology/editor,http://dbpedia.org/resource/John_Freeman_(editor),FALSE
http://dbkwik.webdatacommons.org/memory-alpha.wikia.com/resource/Star_Trek_Magazine,http://dbkwik.webdatacommons.org/memory-alpha.wikia.com/property/publisher,OZ Verlag GmbH,http://dbpedia.org/resource/Star_Trek_Magazine,http://dbpedia.org/ontology/publisher,http://dbpedia.org/resource/Titan_Magazines,FALSE
http://dbkwik.webdatacommons.org/memory-alpha.wikia.com/resource/Star_Trek_Magazine,http://dbkwik.webdatacommons.org/memory-alpha.wikia.com/property/publisher,http://dbkwik.webdatacommons.org/memory-alpha.wikia.com/resource/Titan_Magazines,http://dbpedia.org/resource/Star_Trek_Magazine,http://dbpedia.org/ontology/publisher,http://dbpedia.org/resource/Titan_Magazines,TRUE
http://dbkwik.webdatacommons.org/memory-alpha.wikia.com/resource/Charles_Tucker_III,http://dbkwik.webdatacommons.org/memory-alpha.wikia.com/property/gender,Male,http://dbpedia.org/resource/Trip_Tucker,http://dbpedia.org/property/gender,Male,TRUE
http://dbkwik.webdatacommons.org/memory-alpha.wikia.com/resource/Charles_Tucker_III,http://dbkwik.webdatacommons.org/memory-alpha.wikia.com/property/species,http://dbkwik.webdatacommons.org/memory-alpha.wikia.com/resource/Human,http://dbpedia.org/resource/Trip_Tucker,http://dbpedia.org/property/species,Human,TRUE
http://dbkwik.webdatacommons.org/memory-alpha.wikia.com/resource/Zachary_Quinto,http://dbkwik.webdatacommons.org/memory-alpha.wikia.com/property/birthName,Zachary John Quinto,http://dbpedia.org/resource/Zachary_Quinto,http://dbpedia.org/ontology/birthName,Zachary John Quinto,TRUE
http://dbkwik.webdatacommons.org/memory-alpha.wikia.com/resource/Zachary_Quinto,http://dbkwik.webdatacommons.org/memory-alpha.wikia.com/property/birthName,Zachary John Quinto,http://dbpedia.org/resource/Zachary_Quinto,http://dbpedia.org/property/birthName,Zachary John Quinto,TRUE
http://dbkwik.webdatacommons.org/memory-alpha.wikia.com/resource/Bumper_Robinson,http://dbkwik.webdatacommons.org/memory-alpha.wikia.com/property/birthName,Larry Clarence Robinson II,http://dbpedia.org/resource/Bumper_Robinson,http://dbpedia.org/ontology/birthName,Larry C. Robinson II,TRUE
http://dbkwik.webdatacommons.org/memory-alpha.wikia.com/resource/Bumper_Robinson,http://dbkwik.webdatacommons.org/memory-alpha.wikia.com/property/birthName,Larry Clarence Robinson II,http://dbpedia.org/resource/Bumper_Robinson,http://dbpedia.org/property/birthName,Larry C. Robinson II,TRUE
http://dbkwik.webdatacommons.org/memory-alpha.wikia.com/resource/Robert_Knepper,http://dbkwik.webdatacommons.org/memory-alpha.wikia.com/property/birthName,Robert Lyle Knepper,http://dbpedia.org/resource/Robert_Knepper,http://dbpedia.org/ontology/birthName,Robert Lyle Knepper,TRUE
http://dbkwik.webdatacommons.org/memory-alpha.wikia.com/resource/Robert_Knepper,http://dbkwik.webdatacommons.org/memory-alpha.wikia.com/property/birthName,Robert Lyle Knepper,http://dbpedia.org/resource/Robert_Knepper,http://dbpedia.org/property/birthName,Robert Lyle Knepper,TRUE
http://dbkwik.webdatacommons.org/memory-alpha.wikia.com/resource/Greg_Ellis,http://dbkwik.webdatacommons.org/memory-alpha.wikia.com/property/birthName,http://www.lep.co.uk/news/greg-dares-to-dream-of-hollywood-glory-1-139240,http://dbpedia.org/resource/Greg_Ellis_(actor),http://dbpedia.org/ontology/birthName,Jonny Rees,FALSE
http://dbkwik.webdatacommons.org/memory-alpha.wikia.com/resource/Greg_Ellis,http://dbkwik.webdatacommons.org/memory-alpha.wikia.com/property/birthName,http://www.lep.co.uk/news/greg-dares-to-dream-of-hollywood-glory-1-139240,http://dbpedia.org/resource/Greg_Ellis_(actor),http://dbpedia.org/property/birthName,Jonny Rees,FALSE
http://dbkwik.webdatacommons.org/memory-alpha.wikia.com/resource/Denise_Crosby,http://dbkwik.webdatacommons.org/memory-alpha.wikia.com/property/birthName,Denise Michelle Crosby,http://dbpedia.org/resource/Denise_Crosby,http://dbpedia.org/ontology/birthName,Denise Michelle Crosby,TRUE
http://dbkwik.webdatacommons.org/memory-alpha.wikia.com/resource/Denise_Crosby,http://dbkwik.webdatacommons.org/memory-alpha.wikia.com/property/birthName,Denise Michelle Crosby,http://dbpedia.org/resource/Denise_Crosby,http://dbpedia.org/property/birthName,Denise Michelle Crosby,TRUE
http://dbkwik.webdatacommons.org/memory-alpha.wikia.com/resource/DeForest_Kelley,http://dbkwik.webdatacommons.org/memory-alpha.wikia.com/property/birthName,Jackson DeForest Kelley,http://dbpedia.org/resource/DeForest_Kelley,http://dbpedia.org/ontology/birthName,Jackson DeForest Kelley,TRUE
http://dbkwik.webdatacommons.org/memory-alpha.wikia.com/resource/DeForest_Kelley,http://dbkwik.webdatacommons.org/memory-alpha.wikia.com/property/birthName,Jackson DeForest Kelley,http://dbpedia.org/resource/DeForest_Kelley,http://dbpedia.org/property/birthName,Jackson DeForest Kelley,TRUE
http://dbkwik.webdatacommons.org/memory-alpha.wikia.com/resource/John_F._Kennedy,http://dbkwik.webdatacommons.org/memory-alpha.wikia.com/property/spouse,http://dbkwik.webdatacommons.org/memory-alpha.wikia.com/resource/Jacqueline_Kennedy,http://dbpedia.org/resource/John_F._Kennedy,http://dbpedia.org/ontology/spouse,http://dbpedia.org/resource/Jacqueline_Bouvier,FALSE
http://dbkwik.webdatacommons.org/memory-alpha.wikia.com/resource/Gerald_W._Abrams,http://dbkwik.webdatacommons.org/memory-alpha.wikia.com/property/birthName,Gerald Williams Abrams,http://dbpedia.org/resource/Gerald_W._Abrams,http://dbpedia.org/ontology/birthName,Gerald William Abrams,TRUE
http://dbkwik.webdatacommons.org/memory-alpha.wikia.com/resource/Gerald_W._Abrams,http://dbkwik.webdatacommons.org/memory-alpha.wikia.com/property/birthName,Gerald Williams Abrams,http://dbpedia.org/resource/Gerald_W._Abrams,http://dbpedia.org/property/birthName,Gerald William Abrams,TRUE
http://dbkwik.webdatacommons.org/memory-alpha.wikia.com/resource/Industrial_Light_&_Magic,http://dbkwik.webdatacommons.org/memory-alpha.wikia.com/property/type,company,http://dbpedia.org/resource/Industrial_Light_&_Magic,http://dbpedia.org/ontology/type,http://dbpedia.org/resource/Division_(business),FALSE
http://dbkwik.webdatacommons.org/memory-alpha.wikia.com/resource/Odo,http://dbkwik.webdatacommons.org/memory-alpha.wikia.com/property/species,http://dbkwik.webdatacommons.org/memory-alpha.wikia.com/resource/Human,http://dbpedia.org/resource/Odo_(Star_Trek),http://dbpedia.org/property/species,http://dbpedia.org/resource/Changeling_(Star_Trek),FALSE
http://dbkwik.webdatacommons.org/memory-alpha.wikia.com/resource/Odo,http://dbkwik.webdatacommons.org/memory-alpha.wikia.com/property/species,http://dbkwik.webdatacommons.org/memory-alpha.wikia.com/resource/Changeling,http://dbpedia.org/resource/Odo_(Star_Trek),http://dbpedia.org/property/species,http://dbpedia.org/resource/Changeling_(Star_Trek),TRUE
http://dbkwik.webdatacommons.org/memory-alpha.wikia.com/resource/Odo,http://dbkwik.webdatacommons.org/memory-alpha.wikia.com/property/species,http://dbkwik.webdatacommons.org/memory-alpha.wikia.com/resource/Human,http://dbpedia.org/resource/Odo_(Star_Trek),http://dbpedia.org/ontology/species,http://dbpedia.org/resource/Changeling_(Star_Trek),FALSE
http://dbkwik.webdatacommons.org/memory-alpha.wikia.com/resource/Odo,http://dbkwik.webdatacommons.org/memory-alpha.wikia.com/property/species,http://dbkwik.webdatacommons.org/memory-alpha.wikia.com/resource/Changeling,http://dbpedia.org/resource/Odo_(Star_Trek),http://dbpedia.org/ontology/species,http://dbpedia.org/resource/Changeling_(Star_Trek),TRUE
http://dbkwik.webdatacommons.org/memory-alpha.wikia.com/resource/Deanna_Troi,http://dbkwik.webdatacommons.org/memory-alpha.wikia.com/property/species,http://dbkwik.webdatacommons.org/memory-alpha.wikia.com/resource/Human,http://dbpedia.org/resource/Deanna_Troi,http://dbpedia.org/property/species,http://dbpedia.org/resource/Betazoid,FALSE
http://dbkwik.webdatacommons.org/memory-alpha.wikia.com/resource/Deanna_Troi,http://dbkwik.webdatacommons.org/memory-alpha.wikia.com/property/species,http://dbkwik.webdatacommons.org/memory-alpha.wikia.com/resource/Human,http://dbpedia.org/resource/Deanna_Troi,http://dbpedia.org/property/species,Human,TRUE
http://dbkwik.webdatacommons.org/memory-alpha.wikia.com/resource/Deanna_Troi,http://dbkwik.webdatacommons.org/memory-alpha.wikia.com/property/species,http://dbkwik.webdatacommons.org/memory-alpha.wikia.com/resource/Betazoid,http://dbpedia.org/resource/Deanna_Troi,http://dbpedia.org/property/species,http://dbpedia.org/resource/Betazoid,TRUE
http://dbkwik.webdatacommons.org/memory-alpha.wikia.com/resource/Deanna_Troi,http://dbkwik.webdatacommons.org/memory-alpha.wikia.com/property/species,http://dbkwik.webdatacommons.org/memory-alpha.wikia.com/resource/Betazoid,http://dbpedia.org/resource/Deanna_Troi,http://dbpedia.org/property/species,Human,FALSE
http://dbkwik.webdatacommons.org/memory-alpha.wikia.com/resource/Deanna_Troi,http://dbkwik.webdatacommons.org/memory-alpha.wikia.com/property/species,http://dbkwik.webdatacommons.org/memory-alpha.wikia.com/resource/Human,http://dbpedia.org/resource/Deanna_Troi,http://dbpedia.org/ontology/species,http://dbpedia.org/resource/Betazoid,FALSE
http://dbkwik.webdatacommons.org/memory-alpha.wikia.com/resource/Deanna_Troi,http://dbkwik.webdatacommons.org/memory-alpha.wikia.com/property/species,http://dbkwik.webdatacommons.org/memory-alpha.wikia.com/resource/Betazoid,http://dbpedia.org/resource/Deanna_Troi,http://dbpedia.org/ontology/species,http://dbpedia.org/resource/Betazoid,TRUE
http://dbkwik.webdatacommons.org/memory-alpha.wikia.com/resource/Deanna_Troi,http://dbkwik.webdatacommons.org/memory-alpha.wikia.com/property/spouse,http://dbkwik.webdatacommons.org/memory-alpha.wikia.com/resource/William_T._Riker,http://dbpedia.org/resource/Deanna_Troi,http://dbpedia.org/ontology/spouse,http://dbpedia.org/resource/William_Riker,TRUE
http://dbkwik.webdatacommons.org/memory-alpha.wikia.com/resource/David_Graf,http://dbkwik.webdatacommons.org/memory-alpha.wikia.com/property/birthName,Paul David Graf,http://dbpedia.org/resource/David_Graf,http://dbpedia.org/ontology/birthName,Paul David Graf,TRUE
http://dbkwik.webdatacommons.org/memory-alpha.wikia.com/resource/David_Graf,http://dbkwik.webdatacommons.org/memory-alpha.wikia.com/property/birthName,Paul David Graf,http://dbpedia.org/resource/David_Graf,http://dbpedia.org/property/birthName,Paul David Graf,TRUE
http://dbkwik.webdatacommons.org/memory-alpha.wikia.com/resource/Mission_to_Horatius,http://dbkwik.webdatacommons.org/memory-alpha.wikia.com/property/pages,210,http://dbpedia.org/resource/Mission_to_Horatius,http://dbpedia.org/property/pages,210,TRUE
http://dbkwik.webdatacommons.org/memory-alpha.wikia.com/resource/Mission_to_Horatius,http://dbkwik.webdatacommons.org/memory-alpha.wikia.com/property/publisher,http://dbkwik.webdatacommons.org/memory-alpha.wikia.com/resource/Pocket_Books,http://dbpedia.org/resource/Mission_to_Horatius,http://dbpedia.org/ontology/publisher,http://dbpedia.org/resource/Western_Publishing_Company,FALSE
http://dbkwik.webdatacommons.org/memory-alpha.wikia.com/resource/Mission_to_Horatius,http://dbkwik.webdatacommons.org/memory-alpha.wikia.com/property/publisher,http://dbkwik.webdatacommons.org/memory-alpha.wikia.com/resource/Western_Publishing,http://dbpedia.org/resource/Mission_to_Horatius,http://dbpedia.org/ontology/publisher,http://dbpedia.org/resource/Western_Publishing_Company,TRUE
http://dbkwik.webdatacommons.org/memory-alpha.wikia.com/resource/Jupiter,http://dbkwik.webdatacommons.org/memory-alpha.wikia.com/property/satellites,http://dbkwik.webdatacommons.org/memory-alpha.wikia.com/resource/Ganymede,http://dbpedia.org/resource/Jupiter,http://dbpedia.org/property/satellites,80,FALSE
http://dbkwik.webdatacommons.org/memory-alpha.wikia.com/resource/Jupiter,http://dbkwik.webdatacommons.org/memory-alpha.wikia.com/property/satellites,http://dbkwik.webdatacommons.org/memory-alpha.wikia.com/resource/Io,http://dbpedia.org/resource/Jupiter,http://dbpedia.org/property/satellites,80,FALSE
http://dbkwik.webdatacommons.org/memory-alpha.wikia.com/resource/Fionnula_Flanagan,http://dbkwik.webdatacommons.org/memory-alpha.wikia.com/property/birthName,Fionnghuala Manon Flanagan,http://dbpedia.org/resource/Fionnula_Flanagan,http://dbpedia.org/ontology/birthName,Fionnghuala Manon Flanagan,TRUE
http://dbkwik.webdatacommons.org/memory-alpha.wikia.com/resource/Fionnula_Flanagan,http://dbkwik.webdatacommons.org/memory-alpha.wikia.com/property/birthName,Fionnghuala Manon Flanagan,http://dbpedia.org/resource/Fionnula_Flanagan,http://dbpedia.org/property/birthName,Fionnghuala Manon Flanagan,TRUE
http://dbkwik.webdatacommons.org/memory-alpha.wikia.com/resource/Neptune,http://dbkwik.webdatacommons.org/memory-alpha.wikia.com/property/satellites,http://dbkwik.webdatacommons.org/memory-alpha.wikia.com/resource/Triton,http://dbpedia.org/resource/Neptune,http://dbpedia.org/property/satellites,14,FALSE
http://dbkwik.webdatacommons.org/memory-alpha.wikia.com/resource/Chase_Masterson,http://dbkwik.webdatacommons.org/memory-alpha.wikia.com/property/birthName,Christianne Carafano,http://dbpedia.org/resource/Chase_Masterson,http://dbpedia.org/property/birthName,Christianne Carafano,TRUE
http://dbkwik.webdatacommons.org/memory-alpha.wikia.com/resource/Star_Trek:_Infestation,http://dbkwik.webdatacommons.org/memory-alpha.wikia.com/property/publisher,http://dbkwik.webdatacommons.org/memory-alpha.wikia.com/resource/IDW_Publishing,http://dbpedia.org/resource/Infestation_(comics),http://dbpedia.org/ontology/publisher,http://dbpedia.org/resource/IDW_Publishing,FALSE
http://dbkwik.webdatacommons.org/memory-alpha.wikia.com/resource/Alan_Scarfe,http://dbkwik.webdatacommons.org/memory-alpha.wikia.com/property/birthName,Alan John Scarfe,http://dbpedia.org/resource/Alan_Scarfe,http://dbpedia.org/ontology/birthName,Alan John Scarfe,TRUE
http://dbkwik.webdatacommons.org/memory-alpha.wikia.com/resource/Alan_Scarfe,http://dbkwik.webdatacommons.org/memory-alpha.wikia.com/property/birthName,Alan John Scarfe,http://dbpedia.org/resource/Alan_Scarfe,http://dbpedia.org/property/birthName,Alan John Scarfe,TRUE
http://dbkwik.webdatacommons.org/memory-alpha.wikia.com/resource/Roxann_Dawson,http://dbkwik.webdatacommons.org/memory-alpha.wikia.com/property/birthName,Roxann Caballero,http://dbpedia.org/resource/Roxann_Dawson,http://dbpedia.org/ontology/birthName,Roxann Caballero,TRUE
http://dbkwik.webdatacommons.org/memory-alpha.wikia.com/resource/Roxann_Dawson,http://dbkwik.webdatacommons.org/memory-alpha.wikia.com/property/birthName,Roxann Caballero,http://dbpedia.org/resource/Roxann_Dawson,http://dbpedia.org/property/birthName,Roxann Caballero,TRUE
http://dbkwik.webdatacommons.org/memory-alpha.wikia.com/resource/Roberto_Orci,http://dbkwik.webdatacommons.org/memory-alpha.wikia.com/property/birthName,Roberto Gaston Orci,http://dbpedia.org/resource/Roberto_Orci,http://dbpedia.org/ontology/birthName,Roberto Gaston Orcí,TRUE
http://dbkwik.webdatacommons.org/memory-alpha.wikia.com/resource/Roberto_Orci,http://dbkwik.webdatacommons.org/memory-alpha.wikia.com/property/birthName,Roberto Gaston Orci,http://dbpedia.org/resource/Roberto_Orci,http://dbpedia.org/property/birthName,Roberto Gaston Orcí,TRUE
http://dbkwik.webdatacommons.org/memory-alpha.wikia.com/resource/Ezri_Dax,http://dbkwik.webdatacommons.org/memory-alpha.wikia.com/property/species,http://dbkwik.webdatacommons.org/memory-alpha.wikia.com/resource/Trill,http://dbpedia.org/resource/Ezri_Dax,http://dbpedia.org/property/species,http://dbpedia.org/resource/Trill_(Star_Trek),TRUE
http://dbkwik.webdatacommons.org/memory-alpha.wikia.com/resource/Ezri_Dax,http://dbkwik.webdatacommons.org/memory-alpha.wikia.com/property/species,http://dbkwik.webdatacommons.org/memory-alpha.wikia.com/resource/Trill,http://dbpedia.org/resource/Ezri_Dax,http://dbpedia.org/ontology/species,http://dbpedia.org/resource/Trill_(Star_Trek),TRUE
http://dbkwik.webdatacommons.org/memory-alpha.wikia.com/resource/Lise_Simms,http://dbkwik.webdatacommons.org/memory-alpha.wikia.com/property/birthName,Elisabeth Caroline Simms,http://dbpedia.org/resource/Lise_Simms,http://dbpedia.org/ontology/birthName,Elisabeth Caroline Simms,TRUE
http://dbkwik.webdatacommons.org/memory-alpha.wikia.com/resource/Lise_Simms,http://dbkwik.webdatacommons.org/memory-alpha.wikia.com/property/birthName,Elisabeth Caroline Simms,http://dbpedia.org/resource/Lise_Simms,http://dbpedia.org/property/birthName,Elisabeth Caroline Simms,TRUE
http://dbkwik.webdatacommons.org/memory-alpha.wikia.com/resource/Grace_Lee_Whitney,http://dbkwik.webdatacommons.org/memory-alpha.wikia.com/property/birthName,Mary Ann Chase,http://dbpedia.org/resource/Grace_Lee_Whitney,http://dbpedia.org/ontology/birthName,Mary Ann Chase,TRUE
http://dbkwik.webdatacommons.org/memory-alpha.wikia.com/resource/Leslie_Parrish,http://dbkwik.webdatacommons.org/memory-alpha.wikia.com/property/birthName,Marjorie Hellen,http://dbpedia.org/resource/Leslie_Parrish,http://dbpedia.org/ontology/birthName,Marjorie Hellen,TRUE
http://dbkwik.webdatacommons.org/memory-alpha.wikia.com/resource/Leslie_Parrish,http://dbkwik.webdatacommons.org/memory-alpha.wikia.com/property/birthName,Marjorie Hellen,http://dbpedia.org/resource/Leslie_Parrish,http://dbpedia.org/property/birthName,Marjorie Hellen,TRUE
http://dbkwik.webdatacommons.org/memory-alpha.wikia.com/resource/Faran_Tahir,http://dbkwik.webdatacommons.org/memory-alpha.wikia.com/property/birthName,Faran Haroon Tahir,http://dbpedia.org/resource/Faran_Tahir,http://dbpedia.org/ontology/birthName,Faran Haroon Tahir,TRUE
http://dbkwik.webdatacommons.org/memory-alpha.wikia.com/resource/Faran_Tahir,http://dbkwik.webdatacommons.org/memory-alpha.wikia.com/property/birthName,Faran Haroon Tahir,http://dbpedia.org/resource/Faran_Tahir,http://dbpedia.org/property/birthName,Faran Haroon Tahir,TRUE
http://dbkwik.webdatacommons.org/memory-alpha.wikia.com/resource/Dwellers_in_the_Crucible,http://dbkwik.webdatacommons.org/memory-alpha.wikia.com/property/pages,308,http://dbpedia.org/resource/Dwellers_in_the_Crucible,http://dbpedia.org/property/pages,308,TRUE
http://dbkwik.webdatacommons.org/memory-alpha.wikia.com/resource/Dwellers_in_the_Crucible,http://dbkwik.webdatacommons.org/memory-alpha.wikia.com/property/publisher,http://dbkwik.webdatacommons.org/memory-alpha.wikia.com/resource/Pocket_Books,http://dbpedia.org/resource/Dwellers_in_the_Crucible,http://dbpedia.org/ontology/publisher,http://dbpedia.org/resource/Pocket_Books,TRUE
http://dbkwik.webdatacommons.org/memory-alpha.wikia.com/resource/Sigmund_Freud,http://dbkwik.webdatacommons.org/memory-alpha.wikia.com/property/species,http://dbkwik.webdatacommons.org/memory-alpha.wikia.com/resource/Human,http://dbpedia.org/resource/Sigmund_Freud,http://dbpedia.org/property/species,no,FALSE
http://dbkwik.webdatacommons.org/memory-alpha.wikia.com/resource/Andrew_Robinson,http://dbkwik.webdatacommons.org/memory-alpha.wikia.com/property/birthName,Andrew Jordt Robinson,http://dbpedia.org/resource/Andrew_Robinson_(actor),http://dbpedia.org/ontology/birthName,Andrew Jordt Robinson,TRUE
http://dbkwik.webdatacommons.org/memory-alpha.wikia.com/resource/Andrew_Robinson,http://dbkwik.webdatacommons.org/memory-alpha.wikia.com/property/birthName,Andrew Jordt Robinson,http://dbpedia.org/resource/Andrew_Robinson_(actor),http://dbpedia.org/property/birthName,Andrew Jordt Robinson,TRUE
http://dbkwik.webdatacommons.org/memory-alpha.wikia.com/resource/Strangers_from_the_Sky,http://dbkwik.webdatacommons.org/memory-alpha.wikia.com/property/pages,320,http://dbpedia.org/resource/Strangers_from_the_Sky,http://dbpedia.org/property/pages,"* 402 pp '
* 402 pp '
* 416 pp",FALSE
http://dbkwik.webdatacommons.org/memory-alpha.wikia.com/resource/Strangers_from_the_Sky,http://dbkwik.webdatacommons.org/memory-alpha.wikia.com/property/pages,310,http://dbpedia.org/resource/Strangers_from_the_Sky,http://dbpedia.org/property/pages,"* 402 pp '
* 402 pp '
* 416 pp",FALSE
http://dbkwik.webdatacommons.org/memory-alpha.wikia.com/resource/Strangers_from_the_Sky,http://dbkwik.webdatacommons.org/memory-alpha.wikia.com/property/published,--09-15,http://dbpedia.org/resource/Strangers_from_the_Sky,http://dbpedia.org/property/published,119580,FALSE
http://dbkwik.webdatacommons.org/memory-alpha.wikia.com/resource/Strangers_from_the_Sky,http://dbkwik.webdatacommons.org/memory-alpha.wikia.com/property/published,--07-25,http://dbpedia.org/resource/Strangers_from_the_Sky,http://dbpedia.org/property/published,119580,FALSE
http://dbkwik.webdatacommons.org/memory-alpha.wikia.com/resource/Strangers_from_the_Sky,http://dbkwik.webdatacommons.org/memory-alpha.wikia.com/property/publisher,http://dbkwik.webdatacommons.org/memory-alpha.wikia.com/resource/Pocket_Books,http://dbpedia.org/resource/Strangers_from_the_Sky,http://dbpedia.org/ontology/publisher,http://dbpedia.org/resource/Pocket_Books,TRUE
http://dbkwik.webdatacommons.org/memory-alpha.wikia.com/resource/The_Heart_of_the_Warrior,http://dbkwik.webdatacommons.org/memory-alpha.wikia.com/property/pages,274,http://dbpedia.org/resource/The_Heart_of_the_Warrior,http://dbpedia.org/property/pages,274,TRUE
http://dbkwik.webdatacommons.org/memory-alpha.wikia.com/resource/The_Heart_of_the_Warrior,http://dbkwik.webdatacommons.org/memory-alpha.wikia.com/property/publisher,http://dbkwik.webdatacommons.org/memory-alpha.wikia.com/resource/Pocket_Books,http://dbpedia.org/resource/The_Heart_of_the_Warrior,http://dbpedia.org/ontology/publisher,http://dbpedia.org/resource/Pocket_Books,TRUE
http://dbkwik.webdatacommons.org/memory-alpha.wikia.com/resource/Mars,http://dbkwik.webdatacommons.org/memory-alpha.wikia.com/property/satellites,2,http://dbpedia.org/resource/Mars,http://dbpedia.org/property/satellites,2,TRUE
http://dbkwik.webdatacommons.org/memory-alpha.wikia.com/resource/Saturn,http://dbkwik.webdatacommons.org/memory-alpha.wikia.com/property/satellites,http://dbkwik.webdatacommons.org/memory-alpha.wikia.com/resource/Titan,http://dbpedia.org/resource/Saturn,http://dbpedia.org/property/satellites,83,FALSE
http://dbkwik.webdatacommons.org/memory-alpha.wikia.com/resource/Saturn,http://dbkwik.webdatacommons.org/memory-alpha.wikia.com/property/satellites,http://dbkwik.webdatacommons.org/memory-alpha.wikia.com/resource/Mimas,http://dbpedia.org/resource/Saturn,http://dbpedia.org/property/satellites,83,FALSE
http://dbkwik.webdatacommons.org/memory-alpha.wikia.com/resource/Killing_Time,http://dbkwik.webdatacommons.org/memory-alpha.wikia.com/property/pages,311,http://dbpedia.org/resource/Killing_Time_(Star_Trek_novel),http://dbpedia.org/property/pages,311,TRUE
http://dbkwik.webdatacommons.org/memory-alpha.wikia.com/resource/Killing_Time,http://dbkwik.webdatacommons.org/memory-alpha.wikia.com/property/publisher,http://dbkwik.webdatacommons.org/memory-alpha.wikia.com/resource/Pocket_Books,http://dbpedia.org/resource/Killing_Time_(Star_Trek_novel),http://dbpedia.org/ontology/publisher,http://dbpedia.org/resource/Pocket_Books,TRUE
http://dbkwik.webdatacommons.org/memory-alpha.wikia.com/resource/Barbara_March,http://dbkwik.webdatacommons.org/memory-alpha.wikia.com/property/birthName,Barbara March,http://dbpedia.org/resource/Barbara_March,http://dbpedia.org/ontology/birthName,Barbara Jean Maczka,TRUE
http://dbkwik.webdatacommons.org/memory-alpha.wikia.com/resource/Barbara_March,http://dbkwik.webdatacommons.org/memory-alpha.wikia.com/property/birthName,Barbara March,http://dbpedia.org/resource/Barbara_March,http://dbpedia.org/property/birthName,Barbara Jean Maczka,TRUE
http://dbkwik.webdatacommons.org/memory-alpha.wikia.com/resource/Ishmael_(novel),http://dbkwik.webdatacommons.org/memory-alpha.wikia.com/property/pages,256,http://dbpedia.org/resource/Ishmael_(Star_Trek),http://dbpedia.org/property/pages,256,TRUE
http://dbkwik.webdatacommons.org/memory-alpha.wikia.com/resource/Ishmael_(novel),http://dbkwik.webdatacommons.org/memory-alpha.wikia.com/property/publisher,http://dbkwik.webdatacommons.org/memory-alpha.wikia.com/resource/Pocket_Books,http://dbpedia.org/resource/Ishmael_(Star_Trek),http://dbpedia.org/ontology/publisher,http://dbpedia.org/resource/Pocket_Books,TRUE
http://dbkwik.webdatacommons.org/memory-alpha.wikia.com/resource/James_Doohan,http://dbkwik.webdatacommons.org/memory-alpha.wikia.com/property/birthName,James Montgomery Doohan,http://dbpedia.org/resource/James_Doohan,http://dbpedia.org/ontology/birthName,James Montgomery Doohan,TRUE
http://dbkwik.webdatacommons.org/memory-alpha.wikia.com/resource/James_Doohan,http://dbkwik.webdatacommons.org/memory-alpha.wikia.com/property/birthName,James Montgomery Doohan,http://dbpedia.org/resource/James_Doohan,http://dbpedia.org/property/birthName,James Montgomery Doohan,TRUE
http://dbkwik.webdatacommons.org/memory-alpha.wikia.com/resource/F-104_Starfighter,http://dbkwik.webdatacommons.org/memory-alpha.wikia.com/property/type,http://dbkwik.webdatacommons.org/memory-alpha.wikia.com/resource/Interceptor,http://dbpedia.org/resource/Lockheed_F-104_Starfighter,http://dbpedia.org/ontology/type,http://dbpedia.org/resource/Air_superiority_fighter,FALSE
http://dbkwik.webdatacommons.org/memory-alpha.wikia.com/resource/F-104_Starfighter,http://dbkwik.webdatacommons.org/memory-alpha.wikia.com/property/type,http://dbkwik.webdatacommons.org/memory-alpha.wikia.com/resource/Interceptor,http://dbpedia.org/resource/Lockheed_F-104_Starfighter,http://dbpedia.org/ontology/type,http://dbpedia.org/resource/Fighter-bomber,FALSE
http://dbkwik.webdatacommons.org/memory-alpha.wikia.com/resource/Kathryn_Janeway,http://dbkwik.webdatacommons.org/memory-alpha.wikia.com/property/species,http://dbkwik.webdatacommons.org/memory-alpha.wikia.com/resource/Human,http://dbpedia.org/resource/Kathryn_Janeway,http://dbpedia.org/property/species,Human,TRUE
http://dbkwik.webdatacommons.org/memory-alpha.wikia.com/resource/Abraham_Lincoln,http://dbkwik.webdatacommons.org/memory-alpha.wikia.com/property/species,http://dbkwik.webdatacommons.org/memory-alpha.wikia.com/resource/Human,http://dbpedia.org/resource/Abraham_Lincoln,http://dbpedia.org/property/species,no,FALSE
http://dbkwik.webdatacommons.org/memory-alpha.wikia.com/resource/Star_Trek:_Deep_Space_Nine_Companion,http://dbkwik.webdatacommons.org/memory-alpha.wikia.com/property/pages,725,http://dbpedia.org/resource/Star_Trek:_Deep_Space_Nine_Companion,http://dbpedia.org/property/pages,725,TRUE
http://dbkwik.webdatacommons.org/memory-alpha.wikia.com/resource/Star_Trek:_Deep_Space_Nine_Companion,http://dbkwik.webdatacommons.org/memory-alpha.wikia.com/property/published,--11-24,http://dbpedia.org/resource/Star_Trek:_Deep_Space_Nine_Companion,http://dbpedia.org/property/published,2000,FALSE
http://dbkwik.webdatacommons.org/memory-alpha.wikia.com/resource/Star_Trek:_Deep_Space_Nine_Companion,http://dbkwik.webdatacommons.org/memory-alpha.wikia.com/property/published,--08-01,http://dbpedia.org/resource/Star_Trek:_Deep_Space_Nine_Companion,http://dbpedia.org/property/published,2000,FALSE
http://dbkwik.webdatacommons.org/memory-alpha.wikia.com/resource/Proud_Helios,http://dbkwik.webdatacommons.org/memory-alpha.wikia.com/property/pages,277,http://dbpedia.org/resource/Proud_Helios,http://dbpedia.org/property/pages,277,TRUE
http://dbkwik.webdatacommons.org/memory-alpha.wikia.com/resource/Proud_Helios,http://dbkwik.webdatacommons.org/memory-alpha.wikia.com/property/publisher,http://dbkwik.webdatacommons.org/memory-alpha.wikia.com/resource/Pocket_Books,http://dbpedia.org/resource/Proud_Helios,http://dbpedia.org/ontology/publisher,http://dbpedia.org/resource/Pocket_Books,TRUE
http://dbkwik.webdatacommons.org/memory-alpha.wikia.com/resource/John_de_Lancie,http://dbkwik.webdatacommons.org/memory-alpha.wikia.com/property/birthName,"Jonathan de Lancie, Jr.",http://dbpedia.org/resource/John_de_Lancie,http://dbpedia.org/ontology/birthName,"John Sherwood de Lancie, Jr.",TRUE
http://dbkwik.webdatacommons.org/memory-alpha.wikia.com/resource/John_de_Lancie,http://dbkwik.webdatacommons.org/memory-alpha.wikia.com/property/birthName,"Jonathan de Lancie, Jr.",http://dbpedia.org/resource/John_de_Lancie,http://dbpedia.org/property/birthName,"John Sherwood de Lancie, Jr.",TRUE
http://dbkwik.webdatacommons.org/memory-alpha.wikia.com/resource/Rene_Auberjonois,http://dbkwik.webdatacommons.org/memory-alpha.wikia.com/property/birthName,René Murat Auberjonois,http://dbpedia.org/resource/René_Auberjonois,http://dbpedia.org/ontology/birthName,René Murat Auberjonois,TRUE
http://dbkwik.webdatacommons.org/memory-alpha.wikia.com/resource/Rene_Auberjonois,http://dbkwik.webdatacommons.org/memory-alpha.wikia.com/property/birthName,René Murat Auberjonois,http://dbpedia.org/resource/René_Auberjonois,http://dbpedia.org/property/birthName,René Murat Auberjonois,TRUE
http://dbkwik.webdatacommons.org/memory-alpha.wikia.com/resource/Scott_Bakula,http://dbkwik.webdatacommons.org/memory-alpha.wikia.com/property/birthName,Scott Stewart Bakula,http://dbpedia.org/resource/Scott_Bakula,http://dbpedia.org/ontology/birthName,Scott Stewart Bakula,TRUE
http://dbkwik.webdatacommons.org/memory-alpha.wikia.com/resource/Scott_Bakula,http://dbkwik.webdatacommons.org/memory-alpha.wikia.com/property/birthName,Scott Stewart Bakula,http://dbpedia.org/resource/Scott_Bakula,http://dbpedia.org/property/birthName,Scott Stewart Bakula,TRUE
http://dbkwik.webdatacommons.org/memory-alpha.wikia.com/resource/Zefram_Cochrane,http://dbkwik.webdatacommons.org/memory-alpha.wikia.com/property/species,http://dbkwik.webdatacommons.org/memory-alpha.wikia.com/resource/Human,http://dbpedia.org/resource/Zefram_Cochrane,http://dbpedia.org/property/species,Human,TRUE
http://dbkwik.webdatacommons.org/memory-alpha.wikia.com/resource/Zefram_Cochrane,http://dbkwik.webdatacommons.org/memory-alpha.wikia.com/property/species,http://dbkwik.webdatacommons.org/memory-alpha.wikia.com/resource/Human,http://dbpedia.org/resource/Zefram_Cochrane,http://dbpedia.org/ontology/species,http://dbpedia.org/resource/Human,TRUE
http://dbkwik.webdatacommons.org/memory-alpha.wikia.com/resource/Joan_Collins,http://dbkwik.webdatacommons.org/memory-alpha.wikia.com/property/birthName,Joan Henrietta Collins,http://dbpedia.org/resource/Joan_Collins,http://dbpedia.org/ontology/birthName,Joan Henrietta Collins,TRUE
http://dbkwik.webdatacommons.org/memory-alpha.wikia.com/resource/Joan_Collins,http://dbkwik.webdatacommons.org/memory-alpha.wikia.com/property/birthName,Joan Henrietta Collins,http://dbpedia.org/resource/Joan_Collins,http://dbpedia.org/property/birthName,Joan Henrietta Collins,TRUE
http://dbkwik.webdatacommons.org/memory-alpha.wikia.com/resource/Brock_Peters,http://dbkwik.webdatacommons.org/memory-alpha.wikia.com/property/birthName,George Fisher,http://dbpedia.org/resource/Brock_Peters,http://dbpedia.org/ontology/birthName,George Fisher,TRUE
http://dbkwik.webdatacommons.org/memory-alpha.wikia.com/resource/Brock_Peters,http://dbkwik.webdatacommons.org/memory-alpha.wikia.com/property/birthName,George Fisher,http://dbpedia.org/resource/Brock_Peters,http://dbpedia.org/property/birthName,George Fisher,TRUE
http://dbkwik.webdatacommons.org/memory-alpha.wikia.com/resource/Kira_Nerys,http://dbkwik.webdatacommons.org/memory-alpha.wikia.com/property/species,http://dbkwik.webdatacommons.org/memory-alpha.wikia.com/resource/Bajoran,http://dbpedia.org/resource/Kira_Nerys,http://dbpedia.org/property/species,http://dbpedia.org/resource/Bajoran,TRUE
http://dbkwik.webdatacommons.org/memory-alpha.wikia.com/resource/Kira_Nerys,http://dbkwik.webdatacommons.org/memory-alpha.wikia.com/property/species,http://dbkwik.webdatacommons.org/memory-alpha.wikia.com/resource/Bajoran,http://dbpedia.org/resource/Kira_Nerys,http://dbpedia.org/ontology/species,http://dbpedia.org/resource/Bajoran,TRUE
http://dbkwik.webdatacommons.org/memory-alpha.wikia.com/resource/Star_Trek_Online,http://dbkwik.webdatacommons.org/memory-alpha.wikia.com/property/developer,http://dbkwik.webdatacommons.org/memory-alpha.wikia.com/resource/Cryptic_Studios,http://dbpedia.org/resource/Star_Trek_Online,http://dbpedia.org/ontology/developer,http://dbpedia.org/resource/Cryptic_Studios,TRUE
http://dbkwik.webdatacommons.org/memory-alpha.wikia.com/resource/Star_Trek_Online,http://dbkwik.webdatacommons.org/memory-alpha.wikia.com/property/publisher,http://dbkwik.webdatacommons.org/memory-alpha.wikia.com/resource/Perfect_World,http://dbpedia.org/resource/Star_Trek_Online,http://dbpedia.org/ontology/publisher,http://dbpedia.org/resource/Perfect_World_Entertainment,TRUE
http://dbkwik.webdatacommons.org/memory-alpha.wikia.com/resource/Star_Trek_Online,http://dbkwik.webdatacommons.org/memory-alpha.wikia.com/property/publisher,http://dbkwik.webdatacommons.org/memory-alpha.wikia.com/resource/Perfect_World,http://dbpedia.org/resource/Star_Trek_Online,http://dbpedia.org/ontology/publisher,http://dbpedia.org/resource/Gearbox_Software,FALSE
http://dbkwik.webdatacommons.org/memory-alpha.wikia.com/resource/Star_Trek_Online,http://dbkwik.webdatacommons.org/memory-alpha.wikia.com/property/publisher,http://dbkwik.webdatacommons.org/memory-alpha.wikia.com/resource/Perfect_World,http://dbpedia.org/resource/Star_Trek_Online,http://dbpedia.org/ontology/publisher,"http://dbpedia.org/resource/Atari,_Inc._(1993–present)",FALSE
http://dbkwik.webdatacommons.org/memory-alpha.wikia.com/resource/Star_Trek_Online,http://dbkwik.webdatacommons.org/memory-alpha.wikia.com/property/released,--02-05,http://dbpedia.org/resource/Star_Trek_Online,http://dbpedia.org/property/released,--02-02,TRUE
http://dbkwik.webdatacommons.org/memory-alpha.wikia.com/resource/Star_Trek_Online,http://dbkwik.webdatacommons.org/memory-alpha.wikia.com/property/released,--02-05,http://dbpedia.org/resource/Star_Trek_Online,http://dbpedia.org/property/released,--03-11,FALSE
http://dbkwik.webdatacommons.org/memory-alpha.wikia.com/resource/Star_Trek_Online,http://dbkwik.webdatacommons.org/memory-alpha.wikia.com/property/released,--02-05,http://dbpedia.org/resource/Star_Trek_Online,http://dbpedia.org/property/released,Microsoft Windows,FALSE
http://dbkwik.webdatacommons.org/memory-alpha.wikia.com/resource/Star_Trek_Online,http://dbkwik.webdatacommons.org/memory-alpha.wikia.com/property/released,Fall,http://dbpedia.org/resource/Star_Trek_Online,http://dbpedia.org/property/released,--02-02,FALSE
http://dbkwik.webdatacommons.org/memory-alpha.wikia.com/resource/Star_Trek_Online,http://dbkwik.webdatacommons.org/memory-alpha.wikia.com/property/released,Fall,http://dbpedia.org/resource/Star_Trek_Online,http://dbpedia.org/property/released,--03-11,FALSE
http://dbkwik.webdatacommons.org/memory-alpha.wikia.com/resource/Star_Trek_Online,http://dbkwik.webdatacommons.org/memory-alpha.wikia.com/property/released,Fall,http://dbpedia.org/resource/Star_Trek_Online,http://dbpedia.org/property/released,Microsoft Windows,FALSE
http://dbkwik.webdatacommons.org/memory-alpha.wikia.com/resource/Star_Trek_Online,http://dbkwik.webdatacommons.org/memory-alpha.wikia.com/property/released,--03-11,http://dbpedia.org/resource/Star_Trek_Online,http://dbpedia.org/property/released,--02-02,FALSE
http://dbkwik.webdatacommons.org/memory-alpha.wikia.com/resource/Star_Trek_Online,http://dbkwik.webdatacommons.org/memory-alpha.wikia.com/property/released,--03-11,http://dbpedia.org/resource/Star_Trek_Online,http://dbpedia.org/property/released,--03-11,TRUE
http://dbkwik.webdatacommons.org/memory-alpha.wikia.com/resource/Star_Trek_Online,http://dbkwik.webdatacommons.org/memory-alpha.wikia.com/property/released,--03-11,http://dbpedia.org/resource/Star_Trek_Online,http://dbpedia.org/property/released,Microsoft Windows,FALSE
http://dbkwik.webdatacommons.org/memory-alpha.wikia.com/resource/Star_Trek_Online,http://dbkwik.webdatacommons.org/memory-alpha.wikia.com/property/released,--02-02,http://dbpedia.org/resource/Star_Trek_Online,http://dbpedia.org/property/released,--02-02,TRUE
http://dbkwik.webdatacommons.org/memory-alpha.wikia.com/resource/Star_Trek_Online,http://dbkwik.webdatacommons.org/memory-alpha.wikia.com/property/released,--02-02,http://dbpedia.org/resource/Star_Trek_Online,http://dbpedia.org/property/released,--03-11,FALSE
http://dbkwik.webdatacommons.org/memory-alpha.wikia.com/resource/Star_Trek_Online,http://dbkwik.webdatacommons.org/memory-alpha.wikia.com/property/released,--02-02,http://dbpedia.org/resource/Star_Trek_Online,http://dbpedia.org/property/released,Microsoft Windows,FALSE
http://dbkwik.webdatacommons.org/memory-alpha.wikia.com/resource/Vostok_1,http://dbkwik.webdatacommons.org/memory-alpha.wikia.com/property/operator,Soviet Space Agency,http://dbpedia.org/resource/Vostok_1,http://dbpedia.org/ontology/operator,http://dbpedia.org/resource/Soviet_space_program,TRUE
http://dbkwik.webdatacommons.org/memory-alpha.wikia.com/resource/Gates_McFadden,http://dbkwik.webdatacommons.org/memory-alpha.wikia.com/property/birthName,Cheryl Gates McFadden,http://dbpedia.org/resource/Gates_McFadden,http://dbpedia.org/ontology/birthName,Cheryl Gates McFadden,TRUE
http://dbkwik.webdatacommons.org/memory-alpha.wikia.com/resource/Gates_McFadden,http://dbkwik.webdatacommons.org/memory-alpha.wikia.com/property/birthName,Cheryl Gates McFadden,http://dbpedia.org/resource/Gates_McFadden,http://dbpedia.org/property/birthName,Cheryl Gates McFadden,TRUE
http://dbkwik.webdatacommons.org/memory-alpha.wikia.com/resource/USS_Defiant_(2370),http://dbkwik.webdatacommons.org/memory-alpha.wikia.com/property/registry,http://dbkwik.webdatacommons.org/memory-alpha.wikia.com/resource/NX,http://dbpedia.org/resource/USS_Defiant,http://dbpedia.org/property/registry,NCC-75633,FALSE
http://dbkwik.webdatacommons.org/memory-alpha.wikia.com/resource/USS_Defiant_(2370),http://dbkwik.webdatacommons.org/memory-alpha.wikia.com/property/registry,http://dbkwik.webdatacommons.org/memory-alpha.wikia.com/resource/NX,http://dbpedia.org/resource/USS_Defiant,http://dbpedia.org/property/registry,NX-74205,FALSE
http://dbkwik.webdatacommons.org/memory-alpha.wikia.com/resource/How_Much_for_Just_the_Planet%3F,http://dbkwik.webdatacommons.org/memory-alpha.wikia.com/property/pages,251,http://dbpedia.org/resource/How_Much_for_Just_the_Planet%3F,http://dbpedia.org/property/pages,251,TRUE
http://dbkwik.webdatacommons.org/memory-alpha.wikia.com/resource/How_Much_for_Just_the_Planet%3F,http://dbkwik.webdatacommons.org/memory-alpha.wikia.com/property/publisher,http://dbkwik.webdatacommons.org/memory-alpha.wikia.com/resource/Pocket_Books,http://dbpedia.org/resource/How_Much_for_Just_the_Planet%3F,http://dbpedia.org/ontology/publisher,http://dbpedia.org/resource/Pocket_Books,TRUE
http://dbkwik.webdatacommons.org/memory-alpha.wikia.com/resource/George_Takei,http://dbkwik.webdatacommons.org/memory-alpha.wikia.com/property/birthName,George Hosato Takei,http://dbpedia.org/resource/George_Takei,http://dbpedia.org/ontology/birthName,Hosato Takei,TRUE
http://dbkwik.webdatacommons.org/memory-alpha.wikia.com/resource/George_Takei,http://dbkwik.webdatacommons.org/memory-alpha.wikia.com/property/birthName,George Hosato Takei,http://dbpedia.org/resource/George_Takei,http://dbpedia.org/property/birthName,Hosato Takei,TRUE
http://dbkwik.webdatacommons.org/memory-alpha.wikia.com/resource/Harlan_Ellison,http://dbkwik.webdatacommons.org/memory-alpha.wikia.com/property/birthName,Harlan Jay Ellison,http://dbpedia.org/resource/Harlan_Ellison,http://dbpedia.org/ontology/birthName,Harlan Jay Ellison,TRUE
http://dbkwik.webdatacommons.org/memory-alpha.wikia.com/resource/Harlan_Ellison,http://dbkwik.webdatacommons.org/memory-alpha.wikia.com/property/birthName,Harlan Jay Ellison,http://dbpedia.org/resource/Harlan_Ellison,http://dbpedia.org/property/birthName,Harlan Jay Ellison,TRUE
http://dbkwik.webdatacommons.org/memory-alpha.wikia.com/resource/Kahless_the_Unforgettable,http://dbkwik.webdatacommons.org/memory-alpha.wikia.com/property/species,http://dbkwik.webdatacommons.org/memory-alpha.wikia.com/resource/Klingon,http://dbpedia.org/resource/Kahless,http://dbpedia.org/property/species,http://dbpedia.org/resource/Klingon,TRUE
http://dbkwik.webdatacommons.org/memory-alpha.wikia.com/resource/Kahless_the_Unforgettable,http://dbkwik.webdatacommons.org/memory-alpha.wikia.com/property/species,http://dbkwik.webdatacommons.org/memory-alpha.wikia.com/resource/Klingon,http://dbpedia.org/resource/Kahless,http://dbpedia.org/ontology/species,http://dbpedia.org/resource/Klingon,TRUE
http://dbkwik.webdatacommons.org/memory-alpha.wikia.com/resource/Breen,http://dbkwik.webdatacommons.org/memory-alpha.wikia.com/property/quadrant,http://dbkwik.webdatacommons.org/memory-alpha.wikia.com/resource/Alpha_Quadrant,http://dbpedia.org/resource/Breen_(Star_Trek),http://dbpedia.org/property/quadrant,Alpha,TRUE
http://dbkwik.webdatacommons.org/memory-alpha.wikia.com/resource/Marc_Alaimo,http://dbkwik.webdatacommons.org/memory-alpha.wikia.com/property/birthName,Michael Joseph Alaimo,http://dbpedia.org/resource/Marc_Alaimo,http://dbpedia.org/ontology/birthName,Michael Joseph Alaimo,TRUE
http://dbkwik.webdatacommons.org/memory-alpha.wikia.com/resource/Larry_Niven,http://dbkwik.webdatacommons.org/memory-alpha.wikia.com/property/birthName,Laurence van Cott Niven,http://dbpedia.org/resource/Larry_Niven,http://dbpedia.org/ontology/birthName,Laurence van Cott Niven,TRUE
http://dbkwik.webdatacommons.org/memory-alpha.wikia.com/resource/Larry_Niven,http://dbkwik.webdatacommons.org/memory-alpha.wikia.com/property/birthName,Laurence van Cott Niven,http://dbpedia.org/resource/Larry_Niven,http://dbpedia.org/property/birthName,Laurence van Cott Niven,TRUE
http://dbkwik.webdatacommons.org/memory-alpha.wikia.com/resource/Ares_IV,http://dbkwik.webdatacommons.org/memory-alpha.wikia.com/property/status,Derelict,http://dbpedia.org/resource/Ares_V,http://dbpedia.org/property/status,Canceled as of October 2010,FALSE
http://dbkwik.webdatacommons.org/memory-alpha.wikia.com/resource/Natasha_Yar,http://dbkwik.webdatacommons.org/memory-alpha.wikia.com/property/species,http://dbkwik.webdatacommons.org/memory-alpha.wikia.com/resource/Human,http://dbpedia.org/resource/Tasha_Yar,http://dbpedia.org/property/species,Human,TRUE
http://dbkwik.webdatacommons.org/memory-alpha.wikia.com/resource/Andorian,http://dbkwik.webdatacommons.org/memory-alpha.wikia.com/property/quadrant,http://dbkwik.webdatacommons.org/memory-alpha.wikia.com/resource/Alpha_Quadrant,http://dbpedia.org/resource/Andorian,http://dbpedia.org/property/quadrant,"Beta, Alpha",TRUE
http://dbkwik.webdatacommons.org/memory-alpha.wikia.com/resource/Dukat,http://dbkwik.webdatacommons.org/memory-alpha.wikia.com/property/species,http://dbkwik.webdatacommons.org/memory-alpha.wikia.com/resource/Cardassian,http://dbpedia.org/resource/Dukat_(Star_Trek),http://dbpedia.org/property/species,http://dbpedia.org/resource/Cardassian,TRUE
http://dbkwik.webdatacommons.org/memory-alpha.wikia.com/resource/Dukat,http://dbkwik.webdatacommons.org/memory-alpha.wikia.com/property/species,http://dbkwik.webdatacommons.org/memory-alpha.wikia.com/resource/Cardassian,http://dbpedia.org/resource/Dukat_(Star_Trek),http://dbpedia.org/ontology/species,http://dbpedia.org/resource/Cardassian,TRUE
http://dbkwik.webdatacommons.org/memory-alpha.wikia.com/resource/Bill_Mumy,http://dbkwik.webdatacommons.org/memory-alpha.wikia.com/property/birthName,"Charles William Mumy, Jr.",http://dbpedia.org/resource/Bill_Mumy,http://dbpedia.org/ontology/birthName,,FALSE
http://dbkwik.webdatacommons.org/memory-alpha.wikia.com/resource/Bill_Mumy,http://dbkwik.webdatacommons.org/memory-alpha.wikia.com/property/birthName,"Charles William Mumy, Jr.",http://dbpedia.org/resource/Bill_Mumy,http://dbpedia.org/ontology/birthName,Charles William Mumy Jr.,TRUE
http://dbkwik.webdatacommons.org/memory-alpha.wikia.com/resource/Bill_Mumy,http://dbkwik.webdatacommons.org/memory-alpha.wikia.com/property/birthName,"Charles William Mumy, Jr.",http://dbpedia.org/resource/Bill_Mumy,http://dbpedia.org/property/birthName,Charles William Mumy Jr.,TRUE
http://dbkwik.webdatacommons.org/memory-alpha.wikia.com/resource/Q,http://dbkwik.webdatacommons.org/memory-alpha.wikia.com/property/species,http://dbkwik.webdatacommons.org/memory-alpha.wikia.com/resource/Human,http://dbpedia.org/resource/Q_(Star_Trek),http://dbpedia.org/property/species,Q,FALSE
http://dbkwik.webdatacommons.org/memory-alpha.wikia.com/resource/Q,http://dbkwik.webdatacommons.org/memory-alpha.wikia.com/property/species,http://dbkwik.webdatacommons.org/memory-alpha.wikia.com/resource/Human,http://dbpedia.org/resource/Q_(Star_Trek),http://dbpedia.org/ontology/species,http://dbpedia.org/resource/Q,FALSE
http://dbkwik.webdatacommons.org/memory-alpha.wikia.com/resource/Mark_Lenard,http://dbkwik.webdatacommons.org/memory-alpha.wikia.com/property/birthName,Leonard Rosenson,http://dbpedia.org/resource/Mark_Lenard,http://dbpedia.org/ontology/birthName,Leonard Rosenson,TRUE
http://dbkwik.webdatacommons.org/memory-alpha.wikia.com/resource/Mark_Lenard,http://dbkwik.webdatacommons.org/memory-alpha.wikia.com/property/birthName,Leonard Rosenson,http://dbpedia.org/resource/Mark_Lenard,http://dbpedia.org/property/birthName,Leonard Rosenson,TRUE
http://dbkwik.webdatacommons.org/memory-alpha.wikia.com/resource/Jonathan_Frakes,http://dbkwik.webdatacommons.org/memory-alpha.wikia.com/property/birthName,Jonathan Scott Frakes,http://dbpedia.org/resource/Jonathan_Frakes,http://dbpedia.org/ontology/birthName,Jonathan Scott Frakes,TRUE
http://dbkwik.webdatacommons.org/memory-alpha.wikia.com/resource/Jonathan_Frakes,http://dbkwik.webdatacommons.org/memory-alpha.wikia.com/property/birthName,Jonathan Scott Frakes,http://dbpedia.org/resource/Jonathan_Frakes,http://dbpedia.org/property/birthName,Jonathan Scott Frakes,TRUE
http://dbkwik.webdatacommons.org/memory-alpha.wikia.com/resource/Leonard_Nimoy,http://dbkwik.webdatacommons.org/memory-alpha.wikia.com/property/birthName,Leonard Simon Nimoy,http://dbpedia.org/resource/Leonard_Nimoy,http://dbpedia.org/ontology/birthName,Leonard Simon Nimoy,TRUE
http://dbkwik.webdatacommons.org/memory-alpha.wikia.com/resource/Leonard_Nimoy,http://dbkwik.webdatacommons.org/memory-alpha.wikia.com/property/birthName,Leonard Simon Nimoy,http://dbpedia.org/resource/Leonard_Nimoy,http://dbpedia.org/property/birthName,Leonard Simon Nimoy,TRUE
http://dbkwik.webdatacommons.org/memory-alpha.wikia.com/resource/Kate_Mulgrew,http://dbkwik.webdatacommons.org/memory-alpha.wikia.com/property/birthName,Katherine Kiernan Maria Mulgrew,http://dbpedia.org/resource/Kate_Mulgrew,http://dbpedia.org/ontology/birthName,Katherine Kiernan Maria Mulgrew,TRUE
http://dbkwik.webdatacommons.org/memory-alpha.wikia.com/resource/Kate_Mulgrew,http://dbkwik.webdatacommons.org/memory-alpha.wikia.com/property/birthName,Katherine Kiernan Maria Mulgrew,http://dbpedia.org/resource/Kate_Mulgrew,http://dbpedia.org/property/birthName,Katherine Kiernan Maria Mulgrew,TRUE
http://dbkwik.webdatacommons.org/memory-alpha.wikia.com/resource/United_States_of_America,http://dbkwik.webdatacommons.org/memory-alpha.wikia.com/property/legislature,http://dbkwik.webdatacommons.org/memory-alpha.wikia.com/resource/United_States_Congress,http://dbpedia.org/resource/United_States,http://dbpedia.org/property/legislature,http://dbpedia.org/resource/United_States_Congress,TRUE
http://dbkwik.webdatacommons.org/memory-alpha.wikia.com/resource/United_States_of_America,http://dbkwik.webdatacommons.org/memory-alpha.wikia.com/property/legislature,http://dbkwik.webdatacommons.org/memory-alpha.wikia.com/resource/United_States_Congress,http://dbpedia.org/resource/United_States,http://dbpedia.org/ontology/legislature,http://dbpedia.org/resource/United_States_Congress,TRUE
http://dbkwik.webdatacommons.org/memory-alpha.wikia.com/resource/Nichelle_Nichols,http://dbkwik.webdatacommons.org/memory-alpha.wikia.com/property/birthName,Grace Dell Nichols,http://dbpedia.org/resource/Nichelle_Nichols,http://dbpedia.org/ontology/birthName,Grace Dell Nichols,TRUE
http://dbkwik.webdatacommons.org/memory-alpha.wikia.com/resource/Nichelle_Nichols,http://dbkwik.webdatacommons.org/memory-alpha.wikia.com/property/birthName,Grace Dell Nichols,http://dbpedia.org/resource/Nichelle_Nichols,http://dbpedia.org/property/birthName,Grace Dell Nichols,TRUE
http://dbkwik.webdatacommons.org/memory-alpha.wikia.com/resource/The_Final_Reflection,http://dbkwik.webdatacommons.org/memory-alpha.wikia.com/property/pages,253,http://dbpedia.org/resource/The_Final_Reflection,http://dbpedia.org/property/pages,256,TRUE
http://dbkwik.webdatacommons.org/memory-alpha.wikia.com/resource/The_Final_Reflection,http://dbkwik.webdatacommons.org/memory-alpha.wikia.com/property/publisher,http://dbkwik.webdatacommons.org/memory-alpha.wikia.com/resource/Topeka_Bindery,http://dbpedia.org/resource/The_Final_Reflection,http://dbpedia.org/ontology/publisher,http://dbpedia.org/resource/Pocket_Books,FALSE
http://dbkwik.webdatacommons.org/memory-alpha.wikia.com/resource/The_Final_Reflection,http://dbkwik.webdatacommons.org/memory-alpha.wikia.com/property/publisher,http://dbkwik.webdatacommons.org/memory-alpha.wikia.com/resource/Gregg_Press,http://dbpedia.org/resource/The_Final_Reflection,http://dbpedia.org/ontology/publisher,http://dbpedia.org/resource/Pocket_Books,FALSE
http://dbkwik.webdatacommons.org/memory-alpha.wikia.com/resource/The_Final_Reflection,http://dbkwik.webdatacommons.org/memory-alpha.wikia.com/property/publisher,http://dbkwik.webdatacommons.org/memory-alpha.wikia.com/resource/Pocket_Books,http://dbpedia.org/resource/The_Final_Reflection,http://dbpedia.org/ontology/publisher,http://dbpedia.org/resource/Pocket_Books,TRUE
http://dbkwik.webdatacommons.org/memory-alpha.wikia.com/resource/Jenkins_(Captain),http://dbkwik.webdatacommons.org/memory-alpha.wikia.com/property/species,http://dbkwik.webdatacommons.org/memory-alpha.wikia.com/resource/Hologram,http://dbpedia.org/resource/Leeroy_Jenkins,http://dbpedia.org/property/species,Human,FA
http://dbkwik.webdatacommons.org/memory-alpha.wikia.com/resource/Nana_Visitor,http://dbkwik.webdatacommons.org/memory-alpha.wikia.com/property/birthName,Nana Tucker,http://dbpedia.org/resource/Nana_Visitor,http://dbpedia.org/ontology/birthName,Nana Tucker,TRUE
http://dbkwik.webdatacommons.org/memory-alpha.wikia.com/resource/Nana_Visitor,http://dbkwik.webdatacommons.org/memory-alpha.wikia.com/property/birthName,Nana Tucker,http://dbpedia.org/resource/Nana_Visitor,http://dbpedia.org/property/birthName,Nana Tucker,TRUE
http://dbkwik.webdatacommons.org/memory-alpha.wikia.com/resource/Robert_Picardo,http://dbkwik.webdatacommons.org/memory-alpha.wikia.com/property/birthName,Robert Picardo,http://dbpedia.org/resource/Robert_Picardo,http://dbpedia.org/ontology/birthName,Robert Alphonse Picardo,TRUE
http://dbkwik.webdatacommons.org/memory-alpha.wikia.com/resource/Robert_Picardo,http://dbkwik.webdatacommons.org/memory-alpha.wikia.com/property/birthName,Robert Picardo,http://dbpedia.org/resource/Robert_Picardo,http://dbpedia.org/property/birthName,Robert Alphonse Picardo,TRUE
http://dbkwik.webdatacommons.org/memory-alpha.wikia.com/resource/United_Federation_of_Planets,http://dbkwik.webdatacommons.org/memory-alpha.wikia.com/property/founded,2161,http://dbpedia.org/resource/United_Federation_of_Planets,http://dbpedia.org/property/founded,2161,TRUE
http://dbkwik.webdatacommons.org/memory-alpha.wikia.com/resource/Kim_Rhodes,http://dbkwik.webdatacommons.org/memory-alpha.wikia.com/property/birthName,Kimberly Rhodes,http://dbpedia.org/resource/Kim_Rhodes,http://dbpedia.org/ontology/birthName,Kimberly Rhodes,TRUE
http://dbkwik.webdatacommons.org/memory-alpha.wikia.com/resource/Kim_Rhodes,http://dbkwik.webdatacommons.org/memory-alpha.wikia.com/property/birthName,Kimberly Rhodes,http://dbpedia.org/resource/Kim_Rhodes,http://dbpedia.org/property/birthName,Kimberly Rhodes,TRUE
http://dbkwik.webdatacommons.org/memory-alpha.wikia.com/resource/Apollo_11,http://dbkwik.webdatacommons.org/memory-alpha.wikia.com/property/operator,http://dbkwik.webdatacommons.org/memory-alpha.wikia.com/resource/National_Aeronautics_and_Space_Administration,http://dbpedia.org/resource/Apollo_11,http://dbpedia.org/ontology/operator,http://dbpedia.org/resource/NASA,TRUE
http://dbkwik.webdatacommons.org/memory-alpha.wikia.com/resource/Wil_Wheaton,http://dbkwik.webdatacommons.org/memory-alpha.wikia.com/property/birthName,Richard William Wheaton III,http://dbpedia.org/resource/Wil_Wheaton,http://dbpedia.org/ontology/birthName,Richard William Wheaton III,TRUE
http://dbkwik.webdatacommons.org/memory-alpha.wikia.com/resource/Wil_Wheaton,http://dbkwik.webdatacommons.org/memory-alpha.wikia.com/property/birthName,Richard William Wheaton III,http://dbpedia.org/resource/Wil_Wheaton,http://dbpedia.org/property/birthName,Richard William Wheaton III,TRUE
http://dbkwik.webdatacommons.org/memory-alpha.wikia.com/resource/Earth,http://dbkwik.webdatacommons.org/memory-alpha.wikia.com/property/satellites,http://dbkwik.webdatacommons.org/memory-alpha.wikia.com/resource/Luna,http://dbpedia.org/resource/Earth,http://dbpedia.org/property/satellites,1,FALSE
http://dbkwik.webdatacommons.org/memory-alpha.wikia.com/resource/Earth,http://dbkwik.webdatacommons.org/memory-alpha.wikia.com/property/satellites,http://dbkwik.webdatacommons.org/memory-alpha.wikia.com/resource/Luna,http://dbpedia.org/resource/Earth,http://dbpedia.org/property/satellites,5,FALSE
http://dbkwik.webdatacommons.org/memory-alpha.wikia.com/resource/Earth,http://dbkwik.webdatacommons.org/memory-alpha.wikia.com/property/satellites,http://dbkwik.webdatacommons.org/memory-alpha.wikia.com/resource/Luna,http://dbpedia.org/resource/Earth,http://dbpedia.org/property/satellites,,FALSE
http://dbkwik.webdatacommons.org/memory-alpha.wikia.com/resource/Earth,http://dbkwik.webdatacommons.org/memory-alpha.wikia.com/property/satellites,http://dbkwik.webdatacommons.org/memory-alpha.wikia.com/resource/Luna,http://dbpedia.org/resource/Earth,http://dbpedia.org/property/satellites,>18 000 tracked space debris,FALSE
http://dbkwik.webdatacommons.org/memory-alpha.wikia.com/resource/Earth,http://dbkwik.webdatacommons.org/memory-alpha.wikia.com/property/satellites,http://dbkwik.webdatacommons.org/memory-alpha.wikia.com/resource/Luna,http://dbpedia.org/resource/Earth,http://dbpedia.org/property/satellites,>4 500 operational artificial satellites,FALSE
http://dbkwik.webdatacommons.org/memory-alpha.wikia.com/resource/Clive_Revill,http://dbkwik.webdatacommons.org/memory-alpha.wikia.com/property/birthName,Clive Selsby Revill,http://dbpedia.org/resource/Clive_Revill,http://dbpedia.org/ontology/birthName,Clive Selsby Revill,TRUE
http://dbkwik.webdatacommons.org/memory-alpha.wikia.com/resource/Clive_Revill,http://dbkwik.webdatacommons.org/memory-alpha.wikia.com/property/birthName,Clive Selsby Revill,http://dbpedia.org/resource/Clive_Revill,http://dbpedia.org/property/birthName,Clive Selsby Revill,TRUE
http://dbkwik.webdatacommons.org/memory-alpha.wikia.com/resource/Johannes_Brahms,http://dbkwik.webdatacommons.org/memory-alpha.wikia.com/property/species,http://dbkwik.webdatacommons.org/memory-alpha.wikia.com/resource/Human,http://dbpedia.org/resource/Johannes_Brahms,http://dbpedia.org/property/species,no,FALSE