,e1,p1,o1,e2,p2,o2,equals
0,http://dbkwik.webdatacommons.org/starwars.wikia.com/resource/Adam_Gidwitz,http://dbkwik.webdatacommons.org/starwars.wikia.com/property/nationality,American,http://dbpedia.org/resource/Adam_Gidwitz,http://dbpedia.org/property/nationality,American,TRUE
1,http://dbkwik.webdatacommons.org/starwars.wikia.com/resource/Mike_W._Barr,http://dbkwik.webdatacommons.org/starwars.wikia.com/property/nationality,American,http://dbpedia.org/resource/Mike_W._Barr,http://dbpedia.org/property/nationality,American,TRUE
2,http://dbkwik.webdatacommons.org/starwars.wikia.com/resource/Clare_Grant,http://dbkwik.webdatacommons.org/starwars.wikia.com/property/website,http://www.claregrant.com,http://dbpedia.org/resource/Clare_Grant,http://dbpedia.org/property/website,http://www.claregrant.com,TRUE
3,http://dbkwik.webdatacommons.org/starwars.wikia.com/resource/Star_Wars:_Jedi_Knight:_Jedi_Academy,http://dbkwik.webdatacommons.org/starwars.wikia.com/property/developer,http://dbkwik.webdatacommons.org/starwars.wikia.com/resource/Raven_Software,http://dbpedia.org/resource/Star_Wars_Jedi_Knight:_Jedi_Academy,http://dbpedia.org/ontology/developer,http://dbpedia.org/resource/Raven_Software,TRUE
4,http://dbkwik.webdatacommons.org/starwars.wikia.com/resource/Simon_Kinberg,http://dbkwik.webdatacommons.org/starwars.wikia.com/property/nationality,American,http://dbpedia.org/resource/Simon_Kinberg,http://dbpedia.org/property/nationality,American,TRUE
5,http://dbkwik.webdatacommons.org/starwars.wikia.com/resource/Orli_Shoshan,http://dbkwik.webdatacommons.org/starwars.wikia.com/property/nationality,Israeli,http://dbpedia.org/resource/Orli_Shoshan,http://dbpedia.org/property/nationality,Israeli,TRUE
6,http://dbkwik.webdatacommons.org/starwars.wikia.com/resource/Watto,http://dbkwik.webdatacommons.org/starwars.wikia.com/property/gender,http://dbkwik.webdatacommons.org/starwars.wikia.com/resource/Sexes,http://dbpedia.org/resource/Watto,http://dbpedia.org/property/gender,Male,FALSE
7,http://dbkwik.webdatacommons.org/starwars.wikia.com/resource/Rena_Owen,http://dbkwik.webdatacommons.org/starwars.wikia.com/property/nationality,New Zealander,http://dbpedia.org/resource/Rena_Owen,http://dbpedia.org/property/nationality,New Zealander,TRUE
8,http://dbkwik.webdatacommons.org/starwars.wikia.com/resource/Josef_Rubinstein,http://dbkwik.webdatacommons.org/starwars.wikia.com/property/nationality,German-American,http://dbpedia.org/resource/Josef_Rubinstein,http://dbpedia.org/property/nationality,American,TRUE
9,http://dbkwik.webdatacommons.org/starwars.wikia.com/resource/Rob_Paulsen,http://dbkwik.webdatacommons.org/starwars.wikia.com/property/website,http://www.robpaulsen.com/,http://dbpedia.org/resource/Rob_Paulsen,http://dbpedia.org/property/website,https://web.archive.org/web/20200811180903/https:/robpaulsenlive.com/,TRUE
10,http://dbkwik.webdatacommons.org/starwars.wikia.com/resource/Chott_el_Jerid,http://dbkwik.webdatacommons.org/starwars.wikia.com/property/country,http://dbkwik.webdatacommons.org/starwars.wikia.com/resource/Tunisia,http://dbpedia.org/resource/Chott_el_Djerid,http://dbpedia.org/ontology/country,http://dbpedia.org/resource/Tunisia,TRUE
11,http://dbkwik.webdatacommons.org/starwars.wikia.com/resource/Star_Wars:_Demolition,http://dbkwik.webdatacommons.org/starwars.wikia.com/property/developer,"http://dbkwik.webdatacommons.org/starwars.wikia.com/resource/Luxoflux,_Inc.",http://dbpedia.org/resource/Star_Wars:_Demolition,http://dbpedia.org/ontology/developer,http://dbpedia.org/resource/Luxoflux,TRUE
12,http://dbkwik.webdatacommons.org/starwars.wikia.com/resource/Star_Wars:_Demolition,http://dbkwik.webdatacommons.org/starwars.wikia.com/property/publisher,http://dbkwik.webdatacommons.org/starwars.wikia.com/resource/LucasArts,http://dbpedia.org/resource/Star_Wars:_Demolition,http://dbpedia.org/ontology/publisher,http://dbpedia.org/resource/LucasArts,TRUE
13,http://dbkwik.webdatacommons.org/starwars.wikia.com/resource/Amy_Hennig,http://dbkwik.webdatacommons.org/starwars.wikia.com/property/nationality,American,http://dbpedia.org/resource/Amy_Hennig,http://dbpedia.org/property/nationality,http://dbpedia.org/resource/United_States,TRUE
14,http://dbkwik.webdatacommons.org/starwars.wikia.com/resource/Amy_Hennig,http://dbkwik.webdatacommons.org/starwars.wikia.com/property/nationality,American,http://dbpedia.org/resource/Amy_Hennig,http://dbpedia.org/ontology/nationality,http://dbpedia.org/resource/United_States,TRUE
15,http://dbkwik.webdatacommons.org/starwars.wikia.com/resource/Glyn_Dillon,http://dbkwik.webdatacommons.org/starwars.wikia.com/property/nationality,British,http://dbpedia.org/resource/Glyn_Dillon,http://dbpedia.org/property/nationality,British,TRUE
16,http://dbkwik.webdatacommons.org/starwars.wikia.com/resource/Penguin_Books,http://dbkwik.webdatacommons.org/starwars.wikia.com/property/parent,"Penguin Group, Pearson PLC",http://dbpedia.org/resource/Penguin_Books,http://dbpedia.org/property/parent,http://dbpedia.org/resource/Penguin_Random_House,FALSE
17,http://dbkwik.webdatacommons.org/starwars.wikia.com/resource/Mark_Waid,http://dbkwik.webdatacommons.org/starwars.wikia.com/property/nationality,American,http://dbpedia.org/resource/Mark_Waid,http://dbpedia.org/property/nationality,American,TRUE
18,http://dbkwik.webdatacommons.org/starwars.wikia.com/resource/Alex_Maleev,http://dbkwik.webdatacommons.org/starwars.wikia.com/property/nationality,Bulgarian,http://dbpedia.org/resource/Alex_Maleev,http://dbpedia.org/property/nationality,Bulgarian,TRUE
19,http://dbkwik.webdatacommons.org/starwars.wikia.com/resource/Alex_Maleev,http://dbkwik.webdatacommons.org/starwars.wikia.com/property/nationality,Bulgarian,http://dbpedia.org/resource/Alex_Maleev,http://dbpedia.org/ontology/nationality,http://dbpedia.org/resource/Bulgarian_language,TRUE
20,http://dbkwik.webdatacommons.org/starwars.wikia.com/resource/Alex_Maleev,http://dbkwik.webdatacommons.org/starwars.wikia.com/property/website,http://maleev.com/,http://dbpedia.org/resource/Alex_Maleev,http://dbpedia.org/property/website,http://www.maleev.com,TRUE
21,http://dbkwik.webdatacommons.org/starwars.wikia.com/resource/J._G._Jones,http://dbkwik.webdatacommons.org/starwars.wikia.com/property/nationality,American,http://dbpedia.org/resource/J._G._Jones,http://dbpedia.org/property/nationality,American,TRUE
22,http://dbkwik.webdatacommons.org/starwars.wikia.com/resource/Margaret_Towner,http://dbkwik.webdatacommons.org/starwars.wikia.com/property/nationality,British,http://dbpedia.org/resource/Margaret_Towner,http://dbpedia.org/property/nationality,American,FALSE
23,http://dbkwik.webdatacommons.org/starwars.wikia.com/resource/Willow,http://dbkwik.webdatacommons.org/starwars.wikia.com/property/director,http://dbkwik.webdatacommons.org/starwars.wikia.com/resource/Ron_Howard,http://dbpedia.org/resource/Willow_(film),http://dbpedia.org/property/director,http://dbpedia.org/resource/Ron_Howard,TRUE
24,http://dbkwik.webdatacommons.org/starwars.wikia.com/resource/Willow,http://dbkwik.webdatacommons.org/starwars.wikia.com/property/runtime,7560,http://dbpedia.org/resource/Willow_(film),http://dbpedia.org/property/runtime,7560,TRUE
25,http://dbkwik.webdatacommons.org/starwars.wikia.com/resource/Bronagh_Gallagher,http://dbkwik.webdatacommons.org/starwars.wikia.com/property/nationality,Irish,http://dbpedia.org/resource/Bronagh_Gallagher,http://dbpedia.org/property/nationality,http://dbpedia.org/resource/Irish_people,TRUE
26,http://dbkwik.webdatacommons.org/starwars.wikia.com/resource/Bronagh_Gallagher,http://dbkwik.webdatacommons.org/starwars.wikia.com/property/nationality,Irish,http://dbpedia.org/resource/Bronagh_Gallagher,http://dbpedia.org/ontology/nationality,http://dbpedia.org/resource/Irish_people,TRUE
27,http://dbkwik.webdatacommons.org/starwars.wikia.com/resource/Tom_Palmer,http://dbkwik.webdatacommons.org/starwars.wikia.com/property/nationality,American,http://dbpedia.org/resource/Tom_Palmer_(comics),http://dbpedia.org/property/nationality,American,TRUE
28,http://dbkwik.webdatacommons.org/starwars.wikia.com/resource/Tom_Palmer,http://dbkwik.webdatacommons.org/starwars.wikia.com/property/website,http://tompalmerillustration.com/,http://dbpedia.org/resource/Tom_Palmer_(comics),http://dbpedia.org/property/website,http://tompalmerillustration.com/,TRUE
29,http://dbkwik.webdatacommons.org/starwars.wikia.com/resource/Pat_Mills,http://dbkwik.webdatacommons.org/starwars.wikia.com/property/nationality,British,http://dbpedia.org/resource/Pat_Mills,http://dbpedia.org/property/nationality,British,TRUE
30,http://dbkwik.webdatacommons.org/starwars.wikia.com/resource/Greg_Rucka,http://dbkwik.webdatacommons.org/starwars.wikia.com/property/website,http://www.gregrucka.com,http://dbpedia.org/resource/Greg_Rucka,http://dbpedia.org/property/website,http://www.gregrucka.com/,TRUE
31,http://dbkwik.webdatacommons.org/starwars.wikia.com/resource/Sam_Vincent,http://dbkwik.webdatacommons.org/starwars.wikia.com/property/nationality,Canadian,http://dbpedia.org/resource/Sam_Vincent,http://dbpedia.org/property/nationality,American,FALSE
32,http://dbkwik.webdatacommons.org/starwars.wikia.com/resource/Claudia_Gray,http://dbkwik.webdatacommons.org/starwars.wikia.com/property/nationality,American,http://dbpedia.org/resource/Claudia_Gray,http://dbpedia.org/property/nationality,American,TRUE
33,http://dbkwik.webdatacommons.org/starwars.wikia.com/resource/Luke_Skywalker,http://dbkwik.webdatacommons.org/starwars.wikia.com/property/gender,http://dbkwik.webdatacommons.org/starwars.wikia.com/resource/Sexes,http://dbpedia.org/resource/Luke_Skywalker,http://dbpedia.org/property/gender,Male,FALSE
34,http://dbkwik.webdatacommons.org/starwars.wikia.com/resource/Steven_Barnes,http://dbkwik.webdatacommons.org/starwars.wikia.com/property/nationality,American,http://dbpedia.org/resource/Steven_Barnes,http://dbpedia.org/property/nationality,American,TRUE
35,http://dbkwik.webdatacommons.org/starwars.wikia.com/resource/Nathalie_Cox,http://dbkwik.webdatacommons.org/starwars.wikia.com/property/nationality,English,http://dbpedia.org/resource/Nathalie_Cox,http://dbpedia.org/property/nationality,British,FALSE
36,http://dbkwik.webdatacommons.org/starwars.wikia.com/resource/Aaron_Allston,http://dbkwik.webdatacommons.org/starwars.wikia.com/property/nationality,American,http://dbpedia.org/resource/Aaron_Allston,http://dbpedia.org/property/nationality,American,TRUE
37,http://dbkwik.webdatacommons.org/starwars.wikia.com/resource/Barbara_Kesel,http://dbkwik.webdatacommons.org/starwars.wikia.com/property/nationality,American,http://dbpedia.org/resource/Barbara_Kesel,http://dbpedia.org/property/nationality,http://dbpedia.org/resource/Americans,TRUE
38,http://dbkwik.webdatacommons.org/starwars.wikia.com/resource/Barbara_Kesel,http://dbkwik.webdatacommons.org/starwars.wikia.com/property/nationality,American,http://dbpedia.org/resource/Barbara_Kesel,http://dbpedia.org/ontology/nationality,http://dbpedia.org/resource/Americans,TRUE
39,http://dbkwik.webdatacommons.org/starwars.wikia.com/resource/Abrams_Books,http://dbkwik.webdatacommons.org/starwars.wikia.com/property/founded,1949,http://dbpedia.org/resource/Abrams_Books,http://dbpedia.org/property/founded,1949-11-03,TRUE
40,http://dbkwik.webdatacommons.org/starwars.wikia.com/resource/Abrams_Books,http://dbkwik.webdatacommons.org/starwars.wikia.com/property/parent,La Martinière Groupe,http://dbpedia.org/resource/Abrams_Books,http://dbpedia.org/property/parent,http://dbpedia.org/resource/Média-Participations,FALSE
41,http://dbkwik.webdatacommons.org/starwars.wikia.com/resource/Kieron_Gillen,http://dbkwik.webdatacommons.org/starwars.wikia.com/property/nationality,British,http://dbpedia.org/resource/Kieron_Gillen,http://dbpedia.org/property/nationality,http://dbpedia.org/resource/United_Kingdom,TRUE
42,http://dbkwik.webdatacommons.org/starwars.wikia.com/resource/Kieron_Gillen,http://dbkwik.webdatacommons.org/starwars.wikia.com/property/nationality,British,http://dbpedia.org/resource/Kieron_Gillen,http://dbpedia.org/ontology/nationality,http://dbpedia.org/resource/United_Kingdom,TRUE
43,http://dbkwik.webdatacommons.org/starwars.wikia.com/resource/Kieron_Gillen,http://dbkwik.webdatacommons.org/starwars.wikia.com/property/website,http://gillen.cream.org/wordpress_html/,http://dbpedia.org/resource/Kieron_Gillen,http://dbpedia.org/property/website,http://kierongillen.com,FALSE
44,http://dbkwik.webdatacommons.org/starwars.wikia.com/resource/Garth_Ennis,http://dbkwik.webdatacommons.org/starwars.wikia.com/property/nationality,Northern Irish,http://dbpedia.org/resource/Garth_Ennis,http://dbpedia.org/property/nationality,American,FALSE
45,http://dbkwik.webdatacommons.org/starwars.wikia.com/resource/Garth_Ennis,http://dbkwik.webdatacommons.org/starwars.wikia.com/property/nationality,Northern Irish,http://dbpedia.org/resource/Garth_Ennis,http://dbpedia.org/property/nationality,Northern Irish,TRUE
46,http://dbkwik.webdatacommons.org/starwars.wikia.com/resource/Hugh_Quarshie,http://dbkwik.webdatacommons.org/starwars.wikia.com/property/nationality,British,http://dbpedia.org/resource/Hugh_Quarshie,http://dbpedia.org/property/nationality,British,TRUE
47,http://dbkwik.webdatacommons.org/starwars.wikia.com/resource/Fionnula_Flanagan,http://dbkwik.webdatacommons.org/starwars.wikia.com/property/nationality,Irish,http://dbpedia.org/resource/Fionnula_Flanagan,http://dbpedia.org/property/nationality,Irish,TRUE
48,http://dbkwik.webdatacommons.org/starwars.wikia.com/resource/Jennifer_Roberson,http://dbkwik.webdatacommons.org/starwars.wikia.com/property/nationality,American,http://dbpedia.org/resource/Jennifer_Roberson,http://dbpedia.org/property/nationality,American,TRUE
49,http://dbkwik.webdatacommons.org/starwars.wikia.com/resource/Igor_Kordey,http://dbkwik.webdatacommons.org/starwars.wikia.com/property/nationality,Croatian,http://dbpedia.org/resource/Igor_Kordej,http://dbpedia.org/property/nationality,http://dbpedia.org/resource/Croats,TRUE
50,http://dbkwik.webdatacommons.org/starwars.wikia.com/resource/Igor_Kordey,http://dbkwik.webdatacommons.org/starwars.wikia.com/property/nationality,Croatian,http://dbpedia.org/resource/Igor_Kordej,http://dbpedia.org/ontology/nationality,http://dbpedia.org/resource/Croats,TRUE
51,http://dbkwik.webdatacommons.org/starwars.wikia.com/resource/John_Jackson_Miller,http://dbkwik.webdatacommons.org/starwars.wikia.com/property/nationality,American,http://dbpedia.org/resource/John_Jackson_Miller,http://dbpedia.org/property/nationality,American,TRUE
52,http://dbkwik.webdatacommons.org/starwars.wikia.com/resource/John_Jackson_Miller,http://dbkwik.webdatacommons.org/starwars.wikia.com/property/website,http://www.farawaypress.com/,http://dbpedia.org/resource/John_Jackson_Miller,http://dbpedia.org/property/website,http://www.farawaypress.com,TRUE
53,http://dbkwik.webdatacommons.org/starwars.wikia.com/resource/Brian_Albert_Thies,http://dbkwik.webdatacommons.org/starwars.wikia.com/property/nationality,American,http://dbpedia.org/resource/Brian_Thies,http://dbpedia.org/property/nationality,American,TRUE
54,http://dbkwik.webdatacommons.org/starwars.wikia.com/resource/Kathy_Tyers,http://dbkwik.webdatacommons.org/starwars.wikia.com/property/nationality,American,http://dbpedia.org/resource/Kathy_Tyers,http://dbpedia.org/property/nationality,American,TRUE
55,http://dbkwik.webdatacommons.org/starwars.wikia.com/resource/Gilbert_Hernandez,http://dbkwik.webdatacommons.org/starwars.wikia.com/property/nationality,American,http://dbpedia.org/resource/Gilbert_Hernandez,http://dbpedia.org/property/nationality,American,TRUE
56,http://dbkwik.webdatacommons.org/starwars.wikia.com/resource/Star_Wars:_Empire_at_War:_Forces_of_Corruption,http://dbkwik.webdatacommons.org/starwars.wikia.com/property/developer,http://dbkwik.webdatacommons.org/starwars.wikia.com/resource/Petroglyph,http://dbpedia.org/resource/Star_Wars:_Empire_at_War:_Forces_of_Corruption,http://dbpedia.org/ontology/developer,http://dbpedia.org/resource/Petroglyph_(game_studio),TRUE
57,http://dbkwik.webdatacommons.org/starwars.wikia.com/resource/Star_Wars:_Empire_at_War:_Forces_of_Corruption,http://dbkwik.webdatacommons.org/starwars.wikia.com/property/publisher,http://dbkwik.webdatacommons.org/starwars.wikia.com/resource/LucasArts,http://dbpedia.org/resource/Star_Wars:_Empire_at_War:_Forces_of_Corruption,http://dbpedia.org/ontology/publisher,http://dbpedia.org/resource/LucasArts,TRUE
58,http://dbkwik.webdatacommons.org/starwars.wikia.com/resource/Star_Wars:_Jedi_Knight_II:_Jedi_Outcast,http://dbkwik.webdatacommons.org/starwars.wikia.com/property/developer,http://dbkwik.webdatacommons.org/starwars.wikia.com/resource/Raven_Software,http://dbpedia.org/resource/Star_Wars_Jedi_Knight_II:_Jedi_Outcast,http://dbpedia.org/ontology/developer,http://dbpedia.org/resource/Vicarious_Visions,FALSE
59,http://dbkwik.webdatacommons.org/starwars.wikia.com/resource/Star_Wars:_Jedi_Knight_II:_Jedi_Outcast,http://dbkwik.webdatacommons.org/starwars.wikia.com/property/developer,http://dbkwik.webdatacommons.org/starwars.wikia.com/resource/Raven_Software,http://dbpedia.org/resource/Star_Wars_Jedi_Knight_II:_Jedi_Outcast,http://dbpedia.org/ontology/developer,http://dbpedia.org/resource/Aspyr,FALSE
60,http://dbkwik.webdatacommons.org/starwars.wikia.com/resource/Star_Wars:_Jedi_Knight_II:_Jedi_Outcast,http://dbkwik.webdatacommons.org/starwars.wikia.com/property/developer,http://dbkwik.webdatacommons.org/starwars.wikia.com/resource/Raven_Software,http://dbpedia.org/resource/Star_Wars_Jedi_Knight_II:_Jedi_Outcast,http://dbpedia.org/ontology/developer,http://dbpedia.org/resource/Raven_Software,TRUE
61,http://dbkwik.webdatacommons.org/starwars.wikia.com/resource/Star_Wars:_Jedi_Knight_II:_Jedi_Outcast,http://dbkwik.webdatacommons.org/starwars.wikia.com/property/publisher,http://dbkwik.webdatacommons.org/starwars.wikia.com/resource/LucasArts,http://dbpedia.org/resource/Star_Wars_Jedi_Knight_II:_Jedi_Outcast,http://dbpedia.org/ontology/publisher,http://dbpedia.org/resource/LucasArts,TRUE
62,http://dbkwik.webdatacommons.org/starwars.wikia.com/resource/Star_Wars:_Jedi_Knight_II:_Jedi_Outcast,http://dbkwik.webdatacommons.org/starwars.wikia.com/property/publisher,http://dbkwik.webdatacommons.org/starwars.wikia.com/resource/LucasArts,http://dbpedia.org/resource/Star_Wars_Jedi_Knight_II:_Jedi_Outcast,http://dbpedia.org/ontology/publisher,http://dbpedia.org/resource/Aspyr,FALSE
63,http://dbkwik.webdatacommons.org/starwars.wikia.com/resource/Star_Wars:_Jedi_Knight_II:_Jedi_Outcast,http://dbkwik.webdatacommons.org/starwars.wikia.com/property/publisher,http://dbkwik.webdatacommons.org/starwars.wikia.com/resource/LucasArts,http://dbpedia.org/resource/Star_Wars_Jedi_Knight_II:_Jedi_Outcast,http://dbpedia.org/ontology/publisher,http://dbpedia.org/resource/THQ_Nordic,FALSE
64,http://dbkwik.webdatacommons.org/starwars.wikia.com/resource/Nalini_Krishan,http://dbkwik.webdatacommons.org/starwars.wikia.com/property/nationality,Australian,http://dbpedia.org/resource/Nalini_Krishan,http://dbpedia.org/property/nationality,Fijian,FALSE
65,http://dbkwik.webdatacommons.org/starwars.wikia.com/resource/Peter_Sumner,http://dbkwik.webdatacommons.org/starwars.wikia.com/property/nationality,Australian,http://dbpedia.org/resource/Peter_Sumner,http://dbpedia.org/property/nationality,Australian,TRUE
66,http://dbkwik.webdatacommons.org/starwars.wikia.com/resource/Jennifer_Hale,http://dbkwik.webdatacommons.org/starwars.wikia.com/property/website,http://www.jenniferhale.com/,http://dbpedia.org/resource/Jennifer_Hale,http://dbpedia.org/property/website,https://jenniferhale.com/,TRUE
67,http://dbkwik.webdatacommons.org/starwars.wikia.com/resource/Martha_Wells,http://dbkwik.webdatacommons.org/starwars.wikia.com/property/nationality,American,http://dbpedia.org/resource/Martha_Wells,http://dbpedia.org/property/nationality,American,TRUE
68,http://dbkwik.webdatacommons.org/starwars.wikia.com/resource/Boba_Fett,http://dbkwik.webdatacommons.org/starwars.wikia.com/property/gender,http://dbkwik.webdatacommons.org/starwars.wikia.com/resource/Sexes,http://dbpedia.org/resource/Boba_Fett,http://dbpedia.org/property/gender,Male,FALSE
69,http://dbkwik.webdatacommons.org/starwars.wikia.com/resource/Adam_Hughes,http://dbkwik.webdatacommons.org/starwars.wikia.com/property/nationality,American,http://dbpedia.org/resource/Adam_Hughes,http://dbpedia.org/property/nationality,American,TRUE
70,http://dbkwik.webdatacommons.org/starwars.wikia.com/resource/Leigh_Brackett,http://dbkwik.webdatacommons.org/starwars.wikia.com/property/nationality,American,http://dbpedia.org/resource/Leigh_Brackett,http://dbpedia.org/property/nationality,American,TRUE
71,http://dbkwik.webdatacommons.org/starwars.wikia.com/resource/Salvador_Larroca,http://dbkwik.webdatacommons.org/starwars.wikia.com/property/nationality,Spanish,http://dbpedia.org/resource/Salvador_Larroca,http://dbpedia.org/property/nationality,Spanish,TRUE
72,http://dbkwik.webdatacommons.org/starwars.wikia.com/resource/John_Korty,http://dbkwik.webdatacommons.org/starwars.wikia.com/property/website,http://www.johnkorty.com/,http://dbpedia.org/resource/John_Korty,http://dbpedia.org/property/website,http://www.johnkorty.com/,TRUE
73,http://dbkwik.webdatacommons.org/starwars.wikia.com/resource/June_Brigman,http://dbkwik.webdatacommons.org/starwars.wikia.com/property/nationality,American,http://dbpedia.org/resource/June_Brigman,http://dbpedia.org/property/nationality,http://dbpedia.org/resource/People_of_the_United_States,TRUE
74,http://dbkwik.webdatacommons.org/starwars.wikia.com/resource/June_Brigman,http://dbkwik.webdatacommons.org/starwars.wikia.com/property/nationality,American,http://dbpedia.org/resource/June_Brigman,http://dbpedia.org/ontology/nationality,http://dbpedia.org/resource/People_of_the_United_States,TRUE
75,http://dbkwik.webdatacommons.org/starwars.wikia.com/resource/Jamie_Hyneman,http://dbkwik.webdatacommons.org/starwars.wikia.com/property/nationality,American,http://dbpedia.org/resource/Jamie_Hyneman,http://dbpedia.org/property/nationality,American,TRUE
76,http://dbkwik.webdatacommons.org/starwars.wikia.com/resource/Amanda_Lucas,http://dbkwik.webdatacommons.org/starwars.wikia.com/property/nationality,American,http://dbpedia.org/resource/Amanda_Lucas_(fighter),http://dbpedia.org/property/nationality,http://dbpedia.org/resource/Americans,TRUE
77,http://dbkwik.webdatacommons.org/starwars.wikia.com/resource/Star_Wars:_TIE_Fighter,http://dbkwik.webdatacommons.org/starwars.wikia.com/property/developer,http://dbkwik.webdatacommons.org/starwars.wikia.com/resource/Totally_Games,http://dbpedia.org/resource/Star_Wars:_TIE_Fighter,http://dbpedia.org/ontology/developer,http://dbpedia.org/resource/Totally_Games,TRUE
78,http://dbkwik.webdatacommons.org/starwars.wikia.com/resource/Star_Wars:_TIE_Fighter,http://dbkwik.webdatacommons.org/starwars.wikia.com/property/publisher,http://dbkwik.webdatacommons.org/starwars.wikia.com/resource/LucasArts,http://dbpedia.org/resource/Star_Wars:_TIE_Fighter,http://dbpedia.org/ontology/publisher,http://dbpedia.org/resource/LucasArts,TRUE
79,http://dbkwik.webdatacommons.org/starwars.wikia.com/resource/BioWare,http://dbkwik.webdatacommons.org/starwars.wikia.com/property/founded,1995,http://dbpedia.org/resource/BioWare,http://dbpedia.org/property/founded,1995-02-01,TRUE
80,http://dbkwik.webdatacommons.org/starwars.wikia.com/resource/BioWare,http://dbkwik.webdatacommons.org/starwars.wikia.com/property/parent,http://dbkwik.webdatacommons.org/starwars.wikia.com/resource/Electronic_Arts,http://dbpedia.org/resource/BioWare,http://dbpedia.org/property/parent,http://dbpedia.org/resource/Electronic_Arts,TRUE
81,http://dbkwik.webdatacommons.org/starwars.wikia.com/resource/BioWare,http://dbkwik.webdatacommons.org/starwars.wikia.com/property/parent,http://dbkwik.webdatacommons.org/starwars.wikia.com/resource/Electronic_Arts,http://dbpedia.org/resource/BioWare,http://dbpedia.org/property/parent,http://dbpedia.org/resource/Elevation_Partners,FALSE
82,http://dbkwik.webdatacommons.org/starwars.wikia.com/resource/BioWare,http://dbkwik.webdatacommons.org/starwars.wikia.com/property/parent,http://dbkwik.webdatacommons.org/starwars.wikia.com/resource/Electronic_Arts,http://dbpedia.org/resource/BioWare,http://dbpedia.org/property/parent,,FALSE
83,http://dbkwik.webdatacommons.org/starwars.wikia.com/resource/BioWare,http://dbkwik.webdatacommons.org/starwars.wikia.com/property/website,http://www.bioware.com/,http://dbpedia.org/resource/BioWare,http://dbpedia.org/property/website,http://www.bioware.com/%7Cbioware.com,TRUE
84,http://dbkwik.webdatacommons.org/starwars.wikia.com/resource/The_Saga_Begins_(song),http://dbkwik.webdatacommons.org/starwars.wikia.com/property/recorded,1999-04-20,http://dbpedia.org/resource/The_Saga_Begins,http://dbpedia.org/property/recorded,1999-04-20,TRUE
85,http://dbkwik.webdatacommons.org/starwars.wikia.com/resource/John_Cassaday,http://dbkwik.webdatacommons.org/starwars.wikia.com/property/nationality,American,http://dbpedia.org/resource/John_Cassaday,http://dbpedia.org/property/nationality,American,TRUE
86,http://dbkwik.webdatacommons.org/starwars.wikia.com/resource/Jackie_Burroughs,http://dbkwik.webdatacommons.org/starwars.wikia.com/property/nationality,Canadian,http://dbpedia.org/resource/Jackie_Burroughs,http://dbpedia.org/property/nationality,British Canadian,TRUE
87,http://dbkwik.webdatacommons.org/starwars.wikia.com/resource/Jackie_Burroughs,http://dbkwik.webdatacommons.org/starwars.wikia.com/property/nationality,Canadian,http://dbpedia.org/resource/Jackie_Burroughs,http://dbpedia.org/ontology/nationality,http://dbpedia.org/resource/Canadians,TRUE
88,http://dbkwik.webdatacommons.org/starwars.wikia.com/resource/Tom_DeFalco,http://dbkwik.webdatacommons.org/starwars.wikia.com/property/nationality,American,http://dbpedia.org/resource/Tom_DeFalco,http://dbpedia.org/property/nationality,American,TRUE
89,http://dbkwik.webdatacommons.org/starwars.wikia.com/resource/Chris_Eliopoulos,http://dbkwik.webdatacommons.org/starwars.wikia.com/property/nationality,American,http://dbpedia.org/resource/Chris_Eliopoulos,http://dbpedia.org/property/nationality,http://dbpedia.org/resource/United_States,TRUE
90,http://dbkwik.webdatacommons.org/starwars.wikia.com/resource/Chris_Eliopoulos,http://dbkwik.webdatacommons.org/starwars.wikia.com/property/nationality,American,http://dbpedia.org/resource/Chris_Eliopoulos,http://dbpedia.org/property/nationality,http://dbpedia.org/resource/Greece,FALSE
91,http://dbkwik.webdatacommons.org/starwars.wikia.com/resource/Chris_Eliopoulos,http://dbkwik.webdatacommons.org/starwars.wikia.com/property/nationality,American,http://dbpedia.org/resource/Chris_Eliopoulos,http://dbpedia.org/ontology/nationality,http://dbpedia.org/resource/United_States,TRUE
92,http://dbkwik.webdatacommons.org/starwars.wikia.com/resource/Star_Wars_Customizable_Card_Game,http://dbkwik.webdatacommons.org/starwars.wikia.com/property/publisher,"http://dbkwik.webdatacommons.org/starwars.wikia.com/resource/Decipher,_Inc.",http://dbpedia.org/resource/Star_Wars_Customizable_Card_Game,http://dbpedia.org/ontology/publisher,"http://dbpedia.org/resource/Decipher,_Inc.",TRUE
93,http://dbkwik.webdatacommons.org/starwars.wikia.com/resource/Richard_E._Grant,http://dbkwik.webdatacommons.org/starwars.wikia.com/property/nationality,British and Swazi,http://dbpedia.org/resource/Richard_E._Grant,http://dbpedia.org/property/nationality,"Swazi, British",TRUE
94,http://dbkwik.webdatacommons.org/starwars.wikia.com/resource/Tony_Isabella,http://dbkwik.webdatacommons.org/starwars.wikia.com/property/nationality,American,http://dbpedia.org/resource/Tony_Isabella,http://dbpedia.org/property/nationality,American,TRUE
95,http://dbkwik.webdatacommons.org/starwars.wikia.com/resource/Tony_Isabella,http://dbkwik.webdatacommons.org/starwars.wikia.com/property/nationality,American,http://dbpedia.org/resource/Tony_Isabella,http://dbpedia.org/ontology/nationality,http://dbpedia.org/resource/Americans,TRUE
96,http://dbkwik.webdatacommons.org/starwars.wikia.com/resource/Fantasy_Flight_Games,http://dbkwik.webdatacommons.org/starwars.wikia.com/property/founded,1990,http://dbpedia.org/resource/Fantasy_Flight_Games,http://dbpedia.org/property/founded,1995,FALSE
97,http://dbkwik.webdatacommons.org/starwars.wikia.com/resource/Genndy_Tartakovsky,http://dbkwik.webdatacommons.org/starwars.wikia.com/property/nationality,Russian,http://dbpedia.org/resource/Genndy_Tartakovsky,http://dbpedia.org/property/nationality,American and Russian,TRUE
98,http://dbkwik.webdatacommons.org/starwars.wikia.com/resource/Genndy_Tartakovsky,http://dbkwik.webdatacommons.org/starwars.wikia.com/property/nationality,Russian,http://dbpedia.org/resource/Genndy_Tartakovsky,http://dbpedia.org/ontology/nationality,http://dbpedia.org/resource/Russian_language,FALSE
99,http://dbkwik.webdatacommons.org/starwars.wikia.com/resource/Mark_Evanier,http://dbkwik.webdatacommons.org/starwars.wikia.com/property/nationality,American,http://dbpedia.org/resource/Mark_Evanier,http://dbpedia.org/property/nationality,http://dbpedia.org/resource/Americans,TRUE
100,http://dbkwik.webdatacommons.org/starwars.wikia.com/resource/Mark_Evanier,http://dbkwik.webdatacommons.org/starwars.wikia.com/property/nationality,American,http://dbpedia.org/resource/Mark_Evanier,http://dbpedia.org/ontology/nationality,http://dbpedia.org/resource/Americans,TRUE
101,http://dbkwik.webdatacommons.org/starwars.wikia.com/resource/Mark_Evanier,http://dbkwik.webdatacommons.org/starwars.wikia.com/property/website,http://www.povonline.com/,http://dbpedia.org/resource/Mark_Evanier,http://dbpedia.org/property/website,http://www.newsfromme.com/,FALSE
102,http://dbkwik.webdatacommons.org/starwars.wikia.com/resource/Eric_Peterson,http://dbkwik.webdatacommons.org/starwars.wikia.com/property/nationality,Canadian,http://dbpedia.org/resource/Eric_Peterson,http://dbpedia.org/property/nationality,Canadian,TRUE
103,http://dbkwik.webdatacommons.org/starwars.wikia.com/resource/Ariel_Olivetti,http://dbkwik.webdatacommons.org/starwars.wikia.com/property/nationality,Argentine,http://dbpedia.org/resource/Ariel_Olivetti,http://dbpedia.org/property/nationality,Argentine,TRUE
104,http://dbkwik.webdatacommons.org/starwars.wikia.com/resource/Ariel_Olivetti,http://dbkwik.webdatacommons.org/starwars.wikia.com/property/nationality,Argentine,http://dbpedia.org/resource/Ariel_Olivetti,http://dbpedia.org/ontology/nationality,http://dbpedia.org/resource/Argentina,TRUE
105,http://dbkwik.webdatacommons.org/starwars.wikia.com/resource/Jango_Fett,http://dbkwik.webdatacommons.org/starwars.wikia.com/property/gender,http://dbkwik.webdatacommons.org/starwars.wikia.com/resource/Sexes,http://dbpedia.org/resource/Jango_Fett,http://dbpedia.org/property/gender,Male,FALSE
106,http://dbkwik.webdatacommons.org/starwars.wikia.com/resource/Nicola_Scott,http://dbkwik.webdatacommons.org/starwars.wikia.com/property/nationality,Austrailian,http://dbpedia.org/resource/Nicola_Scott,http://dbpedia.org/property/nationality,http://dbpedia.org/resource/Australians,TRUE
107,http://dbkwik.webdatacommons.org/starwars.wikia.com/resource/Nicola_Scott,http://dbkwik.webdatacommons.org/starwars.wikia.com/property/nationality,Austrailian,http://dbpedia.org/resource/Nicola_Scott,http://dbpedia.org/ontology/nationality,http://dbpedia.org/resource/Australians,TRUE
108,http://dbkwik.webdatacommons.org/starwars.wikia.com/resource/Leinil_Francis_Yu,http://dbkwik.webdatacommons.org/starwars.wikia.com/property/nationality,Filipino,http://dbpedia.org/resource/Leinil_Francis_Yu,http://dbpedia.org/property/nationality,Filipino,TRUE
109,http://dbkwik.webdatacommons.org/starwars.wikia.com/resource/Leinil_Francis_Yu,http://dbkwik.webdatacommons.org/starwars.wikia.com/property/nationality,Filipino,http://dbpedia.org/resource/Leinil_Francis_Yu,http://dbpedia.org/ontology/nationality,http://dbpedia.org/resource/People_of_the_Philippines,TRUE
110,http://dbkwik.webdatacommons.org/starwars.wikia.com/resource/Larry_Drake,http://dbkwik.webdatacommons.org/starwars.wikia.com/property/nationality,American,http://dbpedia.org/resource/Larry_Drake,http://dbpedia.org/property/nationality,American,TRUE
111,http://dbkwik.webdatacommons.org/starwars.wikia.com/resource/Ryan_Kelly,http://dbkwik.webdatacommons.org/starwars.wikia.com/property/nationality,American,http://dbpedia.org/resource/Ryan_Kelly_(comics),http://dbpedia.org/property/nationality,http://dbpedia.org/resource/United_States,TRUE
112,http://dbkwik.webdatacommons.org/starwars.wikia.com/resource/Ryan_Kelly,http://dbkwik.webdatacommons.org/starwars.wikia.com/property/nationality,American,http://dbpedia.org/resource/Ryan_Kelly_(comics),http://dbpedia.org/ontology/nationality,http://dbpedia.org/resource/United_States,TRUE
113,http://dbkwik.webdatacommons.org/starwars.wikia.com/resource/Lucasfilm_Ltd.,http://dbkwik.webdatacommons.org/starwars.wikia.com/property/founded,1971,http://dbpedia.org/resource/Lucasfilm,http://dbpedia.org/property/founded,1971-12-10,TRUE
114,http://dbkwik.webdatacommons.org/starwars.wikia.com/resource/Lucasfilm_Ltd.,http://dbkwik.webdatacommons.org/starwars.wikia.com/property/parent,http://dbkwik.webdatacommons.org/starwars.wikia.com/resource/The_Walt_Disney_Company,http://dbpedia.org/resource/Lucasfilm,http://dbpedia.org/property/parent,http://dbpedia.org/resource/Walt_Disney_Studios_(division),TRUE
115,http://dbkwik.webdatacommons.org/starwars.wikia.com/resource/Paul_Youll,http://dbkwik.webdatacommons.org/starwars.wikia.com/property/nationality,British,http://dbpedia.org/resource/Paul_Youll,http://dbpedia.org/property/nationality,English,FALSE
116,http://dbkwik.webdatacommons.org/starwars.wikia.com/resource/Industrial_Light_&_Magic,http://dbkwik.webdatacommons.org/starwars.wikia.com/property/parent,http://dbkwik.webdatacommons.org/starwars.wikia.com/resource/Lucasfilm_Ltd.,http://dbpedia.org/resource/Industrial_Light_&_Magic,http://dbpedia.org/property/parent,http://dbpedia.org/resource/Lucasfilm,TRUE
117,http://dbkwik.webdatacommons.org/starwars.wikia.com/resource/Jabba_Desilijic_Tiure,http://dbkwik.webdatacommons.org/starwars.wikia.com/property/gender,http://dbkwik.webdatacommons.org/starwars.wikia.com/resource/Sexes,http://dbpedia.org/resource/Jabba_the_Hutt,http://dbpedia.org/property/gender,Male,FALSE
118,http://dbkwik.webdatacommons.org/starwars.wikia.com/resource/Lin-Manuel_Miranda,http://dbkwik.webdatacommons.org/starwars.wikia.com/property/website,http://www.linmanuel.com/,http://dbpedia.org/resource/Lin-Manuel_Miranda,http://dbpedia.org/property/website,http://www.linmanuel.com,TRUE
119,http://dbkwik.webdatacommons.org/starwars.wikia.com/resource/Brian_Daley,http://dbkwik.webdatacommons.org/starwars.wikia.com/property/nationality,American,http://dbpedia.org/resource/Brian_Daley,http://dbpedia.org/property/nationality,American,TRUE
120,http://dbkwik.webdatacommons.org/starwars.wikia.com/resource/Warner_Bros.,http://dbkwik.webdatacommons.org/starwars.wikia.com/property/founded,1918,http://dbpedia.org/resource/Warner_Bros.,http://dbpedia.org/property/founded,1923-04-04,FALSE
121,http://dbkwik.webdatacommons.org/starwars.wikia.com/resource/Warner_Bros.,http://dbkwik.webdatacommons.org/starwars.wikia.com/property/website,https://www.warnerbros.com/,http://dbpedia.org/resource/Warner_Bros.,http://dbpedia.org/property/website,https://www.warnerbros.com/,TRUE
122,http://dbkwik.webdatacommons.org/starwars.wikia.com/resource/Liz_Holliday,http://dbkwik.webdatacommons.org/starwars.wikia.com/property/nationality,British,http://dbpedia.org/resource/Liz_Holliday,http://dbpedia.org/property/nationality,British,TRUE
123,http://dbkwik.webdatacommons.org/starwars.wikia.com/resource/John_Wagner,http://dbkwik.webdatacommons.org/starwars.wikia.com/property/nationality,American,http://dbpedia.org/resource/John_Wagner,http://dbpedia.org/property/nationality,British,FALSE
124,http://dbkwik.webdatacommons.org/starwars.wikia.com/resource/Rick_Baker,http://dbkwik.webdatacommons.org/starwars.wikia.com/property/nationality,American,http://dbpedia.org/resource/Rick_Baker,http://dbpedia.org/property/nationality,American,TRUE
125,http://dbkwik.webdatacommons.org/starwars.wikia.com/resource/The_Truce_at_Bakura,http://dbkwik.webdatacommons.org/starwars.wikia.com/property/followedBy,http://dbkwik.webdatacommons.org/starwars.wikia.com/resource/Tales_from_the_New_Republic,http://dbpedia.org/resource/The_Truce_at_Bakura,http://dbpedia.org/property/followedBy,http://dbpedia.org/resource/The_Glove_of_Darth_Vader,FALSE
126,http://dbkwik.webdatacommons.org/starwars.wikia.com/resource/The_Truce_at_Bakura,http://dbkwik.webdatacommons.org/starwars.wikia.com/property/isbn,553095412,http://dbpedia.org/resource/The_Truce_at_Bakura,http://dbpedia.org/property/isbn,0,FALSE
127,http://dbkwik.webdatacommons.org/starwars.wikia.com/resource/The_Truce_at_Bakura,http://dbkwik.webdatacommons.org/starwars.wikia.com/property/isbn,553095412,http://dbpedia.org/resource/The_Truce_at_Bakura,http://dbpedia.org/ontology/isbn,0-517-15480-3,FALSE
128,http://dbkwik.webdatacommons.org/starwars.wikia.com/resource/The_Truce_at_Bakura,http://dbkwik.webdatacommons.org/starwars.wikia.com/property/mediaType,Hardcover,http://dbpedia.org/resource/The_Truce_at_Bakura,http://dbpedia.org/property/mediaType,Print,FALSE
129,http://dbkwik.webdatacommons.org/starwars.wikia.com/resource/The_Truce_at_Bakura,http://dbkwik.webdatacommons.org/starwars.wikia.com/property/mediaType,Paperback,http://dbpedia.org/resource/The_Truce_at_Bakura,http://dbpedia.org/property/mediaType,Print,FALSE
130,http://dbkwik.webdatacommons.org/starwars.wikia.com/resource/The_Truce_at_Bakura,http://dbkwik.webdatacommons.org/starwars.wikia.com/property/pages,311,http://dbpedia.org/resource/The_Truce_at_Bakura,http://dbpedia.org/property/pages,Hardcover: 311,TRUE
131,http://dbkwik.webdatacommons.org/starwars.wikia.com/resource/The_Truce_at_Bakura,http://dbkwik.webdatacommons.org/starwars.wikia.com/property/pages,311,http://dbpedia.org/resource/The_Truce_at_Bakura,http://dbpedia.org/property/pages,Paperback: 341,TRUE
132,http://dbkwik.webdatacommons.org/starwars.wikia.com/resource/The_Truce_at_Bakura,http://dbkwik.webdatacommons.org/starwars.wikia.com/property/precededBy,http://dbkwik.webdatacommons.org/starwars.wikia.com/resource/Hard_Merchandise,http://dbpedia.org/resource/The_Truce_at_Bakura,http://dbpedia.org/property/precededBy,http://dbpedia.org/resource/Return_of_the_Jedi_(novel),FALSE
133,http://dbkwik.webdatacommons.org/starwars.wikia.com/resource/The_Truce_at_Bakura,http://dbkwik.webdatacommons.org/starwars.wikia.com/property/publisher,http://dbkwik.webdatacommons.org/starwars.wikia.com/resource/Bantam_Spectra,http://dbpedia.org/resource/The_Truce_at_Bakura,http://dbpedia.org/ontology/publisher,http://dbpedia.org/resource/Bantam_Spectra,TRUE
134,http://dbkwik.webdatacommons.org/starwars.wikia.com/resource/Adi_Granov,http://dbkwik.webdatacommons.org/starwars.wikia.com/property/website,http://www.adigranov.net/,http://dbpedia.org/resource/Adi_Granov,http://dbpedia.org/property/website,http://www.adigranov.net,TRUE
135,http://dbkwik.webdatacommons.org/starwars.wikia.com/resource/Marie_Severin,http://dbkwik.webdatacommons.org/starwars.wikia.com/property/nationality,American,http://dbpedia.org/resource/Marie_Severin,http://dbpedia.org/property/nationality,American,TRUE
136,http://dbkwik.webdatacommons.org/starwars.wikia.com/resource/Dan_Jolley,http://dbkwik.webdatacommons.org/starwars.wikia.com/property/nationality,American,http://dbpedia.org/resource/Dan_Jolley,http://dbpedia.org/property/nationality,American,TRUE
137,http://dbkwik.webdatacommons.org/starwars.wikia.com/resource/Star_Wars:_Jedi_Knight:_Mysteries_of_the_Sith,http://dbkwik.webdatacommons.org/starwars.wikia.com/property/developer,http://dbkwik.webdatacommons.org/starwars.wikia.com/resource/LucasArts,http://dbpedia.org/resource/Star_Wars_Jedi_Knight:_Mysteries_of_the_Sith,http://dbpedia.org/ontology/developer,http://dbpedia.org/resource/LucasArts,TRUE
138,http://dbkwik.webdatacommons.org/starwars.wikia.com/resource/Star_Wars:_Jedi_Knight:_Mysteries_of_the_Sith,http://dbkwik.webdatacommons.org/starwars.wikia.com/property/publisher,http://dbkwik.webdatacommons.org/starwars.wikia.com/resource/LucasArts,http://dbpedia.org/resource/Star_Wars_Jedi_Knight:_Mysteries_of_the_Sith,http://dbpedia.org/ontology/publisher,http://dbpedia.org/resource/LucasArts,TRUE
139,http://dbkwik.webdatacommons.org/starwars.wikia.com/resource/Cecil_Castellucci,http://dbkwik.webdatacommons.org/starwars.wikia.com/property/website,https://castellucci.wordpress.com/,http://dbpedia.org/resource/Cecil_Castellucci,http://dbpedia.org/property/website,http://www.misscecil.com,FALSE
140,http://dbkwik.webdatacommons.org/starwars.wikia.com/resource/Howard_Chaykin,http://dbkwik.webdatacommons.org/starwars.wikia.com/property/nationality,American,http://dbpedia.org/resource/Howard_Chaykin,http://dbpedia.org/property/nationality,http://dbpedia.org/resource/Americans,TRUE
141,http://dbkwik.webdatacommons.org/starwars.wikia.com/resource/Howard_Chaykin,http://dbkwik.webdatacommons.org/starwars.wikia.com/property/nationality,American,http://dbpedia.org/resource/Howard_Chaykin,http://dbpedia.org/ontology/nationality,http://dbpedia.org/resource/Americans,TRUE
142,http://dbkwik.webdatacommons.org/starwars.wikia.com/resource/Mace_Windu,http://dbkwik.webdatacommons.org/starwars.wikia.com/property/gender,http://dbkwik.webdatacommons.org/starwars.wikia.com/resource/Sexes,http://dbpedia.org/resource/Mace_Windu,http://dbpedia.org/property/gender,Male,FALSE
143,http://dbkwik.webdatacommons.org/starwars.wikia.com/resource/Minecraft,http://dbkwik.webdatacommons.org/starwars.wikia.com/property/developer,Jens Bergensten,http://dbpedia.org/resource/Minecraft,http://dbpedia.org/ontology/developer,http://dbpedia.org/resource/Mojang_Studios,FALSE
144,http://dbkwik.webdatacommons.org/starwars.wikia.com/resource/Minecraft,http://dbkwik.webdatacommons.org/starwars.wikia.com/property/developer,Markus Persson,http://dbpedia.org/resource/Minecraft,http://dbpedia.org/ontology/developer,http://dbpedia.org/resource/Mojang_Studios,FALSE
145,http://dbkwik.webdatacommons.org/starwars.wikia.com/resource/Darth_Traya,http://dbkwik.webdatacommons.org/starwars.wikia.com/property/gender,http://dbkwik.webdatacommons.org/starwars.wikia.com/resource/Sexes/Legends,http://dbpedia.org/resource/Kreia,http://dbpedia.org/property/gender,Female,FALSE
146,http://dbkwik.webdatacommons.org/starwars.wikia.com/resource/Lily_Cole,http://dbkwik.webdatacommons.org/starwars.wikia.com/property/nationality,British,http://dbpedia.org/resource/Lily_Cole,http://dbpedia.org/property/nationality,British,TRUE
147,http://dbkwik.webdatacommons.org/starwars.wikia.com/resource/Lily_Cole,http://dbkwik.webdatacommons.org/starwars.wikia.com/property/website,http://www.lilycole.com/,http://dbpedia.org/resource/Lily_Cole,http://dbpedia.org/property/website,http://www.lilycole.com,TRUE
148,http://dbkwik.webdatacommons.org/starwars.wikia.com/resource/Bai_Ling,http://dbkwik.webdatacommons.org/starwars.wikia.com/property/nationality,Chinese-American,http://dbpedia.org/resource/Bai_Ling,http://dbpedia.org/property/nationality,American,TRUE
149,http://dbkwik.webdatacommons.org/starwars.wikia.com/resource/Star_Wars:_Jedi_Starfighter,http://dbkwik.webdatacommons.org/starwars.wikia.com/property/developer,http://dbkwik.webdatacommons.org/starwars.wikia.com/resource/LucasArts,http://dbpedia.org/resource/Star_Wars:_Jedi_Starfighter,http://dbpedia.org/ontology/developer,http://dbpedia.org/resource/LucasArts,TRUE
150,http://dbkwik.webdatacommons.org/starwars.wikia.com/resource/Star_Wars:_Jedi_Starfighter,http://dbkwik.webdatacommons.org/starwars.wikia.com/property/publisher,http://dbkwik.webdatacommons.org/starwars.wikia.com/resource/LucasArts,http://dbpedia.org/resource/Star_Wars:_Jedi_Starfighter,http://dbpedia.org/ontology/publisher,http://dbpedia.org/resource/LucasArts,TRUE
151,http://dbkwik.webdatacommons.org/starwars.wikia.com/resource/Star_Wars:_Jedi_Starfighter,http://dbkwik.webdatacommons.org/starwars.wikia.com/property/publisher,http://dbkwik.webdatacommons.org/starwars.wikia.com/resource/LucasArts,http://dbpedia.org/resource/Star_Wars:_Jedi_Starfighter,http://dbpedia.org/ontology/publisher,http://dbpedia.org/resource/Disney_Interactive_Studios,FALSE
152,http://dbkwik.webdatacommons.org/starwars.wikia.com/resource/Bruce_Spence,http://dbkwik.webdatacommons.org/starwars.wikia.com/property/nationality,Australian,http://dbpedia.org/resource/Bruce_Spence,http://dbpedia.org/property/nationality,Australian,TRUE
153,http://dbkwik.webdatacommons.org/starwars.wikia.com/resource/Bruce_Spence,http://dbkwik.webdatacommons.org/starwars.wikia.com/property/nationality,Australian,http://dbpedia.org/resource/Bruce_Spence,http://dbpedia.org/property/nationality,New Zealander,FALSE
154,http://dbkwik.webdatacommons.org/starwars.wikia.com/resource/The_Walt_Disney_Company,http://dbkwik.webdatacommons.org/starwars.wikia.com/property/founded,1923-10-16,http://dbpedia.org/resource/The_Walt_Disney_Company,http://dbpedia.org/property/founded,1923-10-16,TRUE
155,http://dbkwik.webdatacommons.org/starwars.wikia.com/resource/Mary_Oyaya,http://dbkwik.webdatacommons.org/starwars.wikia.com/property/nationality,Kenyan,http://dbpedia.org/resource/Mary_Oyaya,http://dbpedia.org/property/nationality,http://dbpedia.org/resource/Kenyan,TRUE
156,http://dbkwik.webdatacommons.org/starwars.wikia.com/resource/Mary_Oyaya,http://dbkwik.webdatacommons.org/starwars.wikia.com/property/nationality,Kenyan,http://dbpedia.org/resource/Mary_Oyaya,http://dbpedia.org/property/nationality,Australian,FALSE
157,http://dbkwik.webdatacommons.org/starwars.wikia.com/resource/Mary_Oyaya,http://dbkwik.webdatacommons.org/starwars.wikia.com/property/nationality,Kenyan,http://dbpedia.org/resource/Mary_Oyaya,http://dbpedia.org/ontology/nationality,http://dbpedia.org/resource/Australia,FALSE
158,http://dbkwik.webdatacommons.org/starwars.wikia.com/resource/Mary_Oyaya,http://dbkwik.webdatacommons.org/starwars.wikia.com/property/nationality,Kenyan,http://dbpedia.org/resource/Mary_Oyaya,http://dbpedia.org/ontology/nationality,http://dbpedia.org/resource/Kenyan,TRUE
159,http://dbkwik.webdatacommons.org/starwars.wikia.com/resource/Stuart_Immonen,http://dbkwik.webdatacommons.org/starwars.wikia.com/property/nationality,Canadian,http://dbpedia.org/resource/Stuart_Immonen,http://dbpedia.org/property/nationality,Canadian,TRUE
160,http://dbkwik.webdatacommons.org/starwars.wikia.com/resource/Stuart_Immonen,http://dbkwik.webdatacommons.org/starwars.wikia.com/property/nationality,Canadian,http://dbpedia.org/resource/Stuart_Immonen,http://dbpedia.org/ontology/nationality,http://dbpedia.org/resource/Canadians,TRUE
161,http://dbkwik.webdatacommons.org/starwars.wikia.com/resource/Stuart_Immonen,http://dbkwik.webdatacommons.org/starwars.wikia.com/property/website,http://immonen.ca/,http://dbpedia.org/resource/Stuart_Immonen,http://dbpedia.org/property/website,http://www.immonen.ca,TRUE
162,http://dbkwik.webdatacommons.org/starwars.wikia.com/resource/Roy_Thomas,http://dbkwik.webdatacommons.org/starwars.wikia.com/property/nationality,American,http://dbpedia.org/resource/Roy_Thomas,http://dbpedia.org/property/nationality,American,TRUE
163,http://dbkwik.webdatacommons.org/starwars.wikia.com/resource/Dark_Horse_Comics,http://dbkwik.webdatacommons.org/starwars.wikia.com/property/founded,1986,http://dbpedia.org/resource/Dark_Horse_Comics,http://dbpedia.org/property/founded,1986-02-04,TRUE
164,http://dbkwik.webdatacommons.org/starwars.wikia.com/resource/Michael_Fleisher,http://dbkwik.webdatacommons.org/starwars.wikia.com/property/nationality,American,http://dbpedia.org/resource/Michael_Fleisher,http://dbpedia.org/property/nationality,American,TRUE
165,http://dbkwik.webdatacommons.org/starwars.wikia.com/resource/Michael_Fleisher,http://dbkwik.webdatacommons.org/starwars.wikia.com/property/nationality,American,http://dbpedia.org/resource/Michael_Fleisher,http://dbpedia.org/ontology/nationality,http://dbpedia.org/resource/Americans,TRUE
166,http://dbkwik.webdatacommons.org/starwars.wikia.com/resource/Tom_Taylor,http://dbkwik.webdatacommons.org/starwars.wikia.com/property/nationality,Australian,http://dbpedia.org/resource/Tom_Taylor_(writer),http://dbpedia.org/property/nationality,http://dbpedia.org/resource/Australians,TRUE
167,http://dbkwik.webdatacommons.org/starwars.wikia.com/resource/Tom_Taylor,http://dbkwik.webdatacommons.org/starwars.wikia.com/property/nationality,Australian,http://dbpedia.org/resource/Tom_Taylor_(writer),http://dbpedia.org/ontology/nationality,http://dbpedia.org/resource/Australians,TRUE
168,http://dbkwik.webdatacommons.org/starwars.wikia.com/resource/Tom_Taylor,http://dbkwik.webdatacommons.org/starwars.wikia.com/property/website,http://www.tomtaylormade.com,http://dbpedia.org/resource/Tom_Taylor_(writer),http://dbpedia.org/property/website,http://tomtaylormade.com,TRUE
169,http://dbkwik.webdatacommons.org/starwars.wikia.com/resource/Namco,http://dbkwik.webdatacommons.org/starwars.wikia.com/property/parent,Bandai Namco Holdings,http://dbpedia.org/resource/Namco,http://dbpedia.org/property/parent,http://dbpedia.org/resource/Namco_Bandai_Holdings,TRUE
170,http://dbkwik.webdatacommons.org/starwars.wikia.com/resource/Neal_Scanlan,http://dbkwik.webdatacommons.org/starwars.wikia.com/property/website,http://www.nealscanlan.com/,http://dbpedia.org/resource/Neal_Scanlan,http://dbpedia.org/property/website,http://www.nealscanlan.com,TRUE
171,http://dbkwik.webdatacommons.org/starwars.wikia.com/resource/Han_Solo,http://dbkwik.webdatacommons.org/starwars.wikia.com/property/gender,http://dbkwik.webdatacommons.org/starwars.wikia.com/resource/Sexes,http://dbpedia.org/resource/Han_Solo,http://dbpedia.org/property/gender,Male,FALSE
172,http://dbkwik.webdatacommons.org/starwars.wikia.com/resource/Tom_Angleberger,http://dbkwik.webdatacommons.org/starwars.wikia.com/property/nationality,American,http://dbpedia.org/resource/Tom_Angleberger,http://dbpedia.org/property/nationality,American,TRUE
173,http://dbkwik.webdatacommons.org/starwars.wikia.com/resource/Star_Wars:_Clone_Wars_Adventures_(video_game),http://dbkwik.webdatacommons.org/starwars.wikia.com/property/developer,http://dbkwik.webdatacommons.org/starwars.wikia.com/resource/Sony,http://dbpedia.org/resource/Clone_Wars_Adventures,http://dbpedia.org/ontology/developer,http://dbpedia.org/resource/Daybreak_Game_Company,FALSE
174,http://dbkwik.webdatacommons.org/starwars.wikia.com/resource/Star_Wars:_Clone_Wars_Adventures_(video_game),http://dbkwik.webdatacommons.org/starwars.wikia.com/property/publisher,http://dbkwik.webdatacommons.org/starwars.wikia.com/resource/Sony,http://dbpedia.org/resource/Clone_Wars_Adventures,http://dbpedia.org/ontology/publisher,http://dbpedia.org/resource/Daybreak_Game_Company,FALSE
175,http://dbkwik.webdatacommons.org/starwars.wikia.com/resource/Star_Wars:_Clone_Wars_Adventures_(video_game),http://dbkwik.webdatacommons.org/starwars.wikia.com/property/publisher,http://dbkwik.webdatacommons.org/starwars.wikia.com/resource/LucasArts,http://dbpedia.org/resource/Clone_Wars_Adventures,http://dbpedia.org/ontology/publisher,http://dbpedia.org/resource/Daybreak_Game_Company,FALSE
176,http://dbkwik.webdatacommons.org/starwars.wikia.com/resource/Beau_Smith,http://dbkwik.webdatacommons.org/starwars.wikia.com/property/nationality,American,http://dbpedia.org/resource/Beau_Smith,http://dbpedia.org/property/nationality,American,TRUE
177,http://dbkwik.webdatacommons.org/starwars.wikia.com/resource/Wookieepedia,http://dbkwik.webdatacommons.org/starwars.wikia.com/property/currentStatus,Active,http://dbpedia.org/resource/Wookieepedia,http://dbpedia.org/property/currentStatus,"Active with over 177,000 articles",TRUE
178,http://dbkwik.webdatacommons.org/starwars.wikia.com/resource/Wookieepedia,http://dbkwik.webdatacommons.org/starwars.wikia.com/property/owner,"Wikia, Inc.",http://dbpedia.org/resource/Wookieepedia,http://dbpedia.org/property/owner,http://dbpedia.org/resource/Fandom_(website),FALSE
179,http://dbkwik.webdatacommons.org/starwars.wikia.com/resource/Wookieepedia,http://dbkwik.webdatacommons.org/starwars.wikia.com/property/owner,"Wikia, Inc.",http://dbpedia.org/resource/Wookieepedia,http://dbpedia.org/ontology/owner,http://dbpedia.org/resource/Fandom_(website),FALSE
180,http://dbkwik.webdatacommons.org/starwars.wikia.com/resource/Wookieepedia,http://dbkwik.webdatacommons.org/starwars.wikia.com/property/registration,Optional,http://dbpedia.org/resource/Wookieepedia,http://dbpedia.org/property/registration,Optional,TRUE
181,http://dbkwik.webdatacommons.org/starwars.wikia.com/resource/Wookieepedia,http://dbkwik.webdatacommons.org/starwars.wikia.com/property/type,Wiki,http://dbpedia.org/resource/Wookieepedia,http://dbpedia.org/ontology/type,http://dbpedia.org/resource/Wiki,TRUE
182,http://dbkwik.webdatacommons.org/starwars.wikia.com/resource/Elizabeth_Levy,http://dbkwik.webdatacommons.org/starwars.wikia.com/property/nationality,American,http://dbpedia.org/resource/Elizabeth_Levy,http://dbpedia.org/property/nationality,American,TRUE
183,http://dbkwik.webdatacommons.org/starwars.wikia.com/resource/Kenner_Products,http://dbkwik.webdatacommons.org/starwars.wikia.com/property/parent,http://dbkwik.webdatacommons.org/starwars.wikia.com/resource/Hasbro_Inc.,http://dbpedia.org/resource/Kenner_Products,http://dbpedia.org/property/parent,General Mills,FALSE
184,http://dbkwik.webdatacommons.org/starwars.wikia.com/resource/Kenner_Products,http://dbkwik.webdatacommons.org/starwars.wikia.com/property/parent,http://dbkwik.webdatacommons.org/starwars.wikia.com/resource/Hasbro_Inc.,http://dbpedia.org/resource/Kenner_Products,http://dbpedia.org/property/parent,Hasbro,TRUE
185,http://dbkwik.webdatacommons.org/starwars.wikia.com/resource/Kenner_Products,http://dbkwik.webdatacommons.org/starwars.wikia.com/property/parent,http://dbkwik.webdatacommons.org/starwars.wikia.com/resource/Hasbro_Inc.,http://dbpedia.org/resource/Kenner_Products,http://dbpedia.org/property/parent,Tonka,FALSE
186,http://dbkwik.webdatacommons.org/starwars.wikia.com/resource/Kenner_Products,http://dbkwik.webdatacommons.org/starwars.wikia.com/property/parent,http://dbkwik.webdatacommons.org/starwars.wikia.com/resource/Hasbro_Inc.,http://dbpedia.org/resource/Kenner_Products,http://dbpedia.org/property/parent,,FALSE
187,http://dbkwik.webdatacommons.org/starwars.wikia.com/resource/Kenner_Products,http://dbkwik.webdatacommons.org/starwars.wikia.com/property/parent,http://dbkwik.webdatacommons.org/starwars.wikia.com/resource/Hasbro_Inc.,http://dbpedia.org/resource/Kenner_Products,http://dbpedia.org/property/parent,Independent,FALSE
188,http://dbkwik.webdatacommons.org/starwars.wikia.com/resource/Kenner_Products,http://dbkwik.webdatacommons.org/starwars.wikia.com/property/parent,http://dbkwik.webdatacommons.org/starwars.wikia.com/resource/Hasbro_Inc.,http://dbpedia.org/resource/Kenner_Products,http://dbpedia.org/property/parent,"Kenner Parker Toys, Inc.",FALSE
189,http://dbkwik.webdatacommons.org/starwars.wikia.com/resource/Star_Wars_Trading_Card_Game,http://dbkwik.webdatacommons.org/starwars.wikia.com/property/publisher,http://dbkwik.webdatacommons.org/starwars.wikia.com/resource/Wizards_of_the_Coast,http://dbpedia.org/resource/Star_Wars_Trading_Card_Game,http://dbpedia.org/ontology/publisher,http://dbpedia.org/resource/Wizards_of_the_Coast,TRUE
190,http://dbkwik.webdatacommons.org/starwars.wikia.com/resource/Peter_David,http://dbkwik.webdatacommons.org/starwars.wikia.com/property/nationality,American,http://dbpedia.org/resource/Peter_David,http://dbpedia.org/property/nationality,American,TRUE
191,http://dbkwik.webdatacommons.org/starwars.wikia.com/resource/Thunder_Bay_Press,http://dbkwik.webdatacommons.org/starwars.wikia.com/property/parent,Printers Row Publishing Group,http://dbpedia.org/resource/Thunder_Bay_Press,http://dbpedia.org/property/parent,http://dbpedia.org/resource/Readerlink_Distribution_Services,FALSE
192,http://dbkwik.webdatacommons.org/starwars.wikia.com/resource/Jar_Jar_Binks,http://dbkwik.webdatacommons.org/starwars.wikia.com/property/gender,http://dbkwik.webdatacommons.org/starwars.wikia.com/resource/Sexes,http://dbpedia.org/resource/Jar_Jar_Binks,http://dbpedia.org/property/gender,Male,FALSE
193,http://dbkwik.webdatacommons.org/starwars.wikia.com/resource/Kev_Walker,http://dbkwik.webdatacommons.org/starwars.wikia.com/property/nationality,British,http://dbpedia.org/resource/Kev_Walker,http://dbpedia.org/property/nationality,British,TRUE
194,http://dbkwik.webdatacommons.org/starwars.wikia.com/resource/Kev_Walker,http://dbkwik.webdatacommons.org/starwars.wikia.com/property/nationality,British,http://dbpedia.org/resource/Kev_Walker,http://dbpedia.org/ontology/nationality,http://dbpedia.org/resource/People_of_the_United_Kingdom,TRUE
195,http://dbkwik.webdatacommons.org/starwars.wikia.com/resource/Darth_Caedus,http://dbkwik.webdatacommons.org/starwars.wikia.com/property/gender,http://dbkwik.webdatacommons.org/starwars.wikia.com/resource/Sexes/Legends,http://dbpedia.org/resource/Jacen_Solo,http://dbpedia.org/property/gender,Male,FALSE
196,http://dbkwik.webdatacommons.org/starwars.wikia.com/resource/Anakin_Skywalker,http://dbkwik.webdatacommons.org/starwars.wikia.com/property/height,1.88,http://dbpedia.org/resource/Darth_Vader,http://dbpedia.org/property/height,471,FALSE
197,http://dbkwik.webdatacommons.org/starwars.wikia.com/resource/Anakin_Skywalker,http://dbkwik.webdatacommons.org/starwars.wikia.com/property/height,1.88,http://dbpedia.org/resource/Darth_Vader,http://dbpedia.org/property/height,582,FALSE
198,http://dbkwik.webdatacommons.org/starwars.wikia.com/resource/Ballantine_Books,http://dbkwik.webdatacommons.org/starwars.wikia.com/property/parent,http://dbkwik.webdatacommons.org/starwars.wikia.com/resource/Random_House,http://dbpedia.org/resource/Ballantine_Books,http://dbpedia.org/property/parent,"Random House, a subsidiary of Penguin Random House",TRUE
199,http://dbkwik.webdatacommons.org/starwars.wikia.com/resource/Tony_Harris,http://dbkwik.webdatacommons.org/starwars.wikia.com/property/nationality,American,http://dbpedia.org/resource/Tony_Harris_(artist),http://dbpedia.org/property/nationality,American,TRUE
200,http://dbkwik.webdatacommons.org/starwars.wikia.com/resource/Star_Wars:_Jedi_Knight:_Dark_Forces_II,http://dbkwik.webdatacommons.org/starwars.wikia.com/property/developer,http://dbkwik.webdatacommons.org/starwars.wikia.com/resource/LucasArts,http://dbpedia.org/resource/Star_Wars_Jedi_Knight:_Dark_Forces_II,http://dbpedia.org/ontology/developer,http://dbpedia.org/resource/LucasArts,TRUE
201,http://dbkwik.webdatacommons.org/starwars.wikia.com/resource/Star_Wars:_Jedi_Knight:_Dark_Forces_II,http://dbkwik.webdatacommons.org/starwars.wikia.com/property/publisher,http://dbkwik.webdatacommons.org/starwars.wikia.com/resource/LucasArts,http://dbpedia.org/resource/Star_Wars_Jedi_Knight:_Dark_Forces_II,http://dbpedia.org/ontology/publisher,http://dbpedia.org/resource/LucasArts,TRUE
202,http://dbkwik.webdatacommons.org/starwars.wikia.com/resource/John_Gregory_Betancourt,http://dbkwik.webdatacommons.org/starwars.wikia.com/property/nationality,American,http://dbpedia.org/resource/John_Gregory_Betancourt,http://dbpedia.org/property/nationality,American,TRUE
203,http://dbkwik.webdatacommons.org/starwars.wikia.com/resource/Gwendoline_Yeo,http://dbkwik.webdatacommons.org/starwars.wikia.com/property/website,http://www.gwendolineyeo.com/index.php,http://dbpedia.org/resource/Gwendoline_Yeo,http://dbpedia.org/property/website,http://www.gwendolineyeo.com,TRUE
204,http://dbkwik.webdatacommons.org/starwars.wikia.com/resource/ABC_Television_Network,http://dbkwik.webdatacommons.org/starwars.wikia.com/property/founded,1943,http://dbpedia.org/resource/American_Broadcasting_Company,http://dbpedia.org/property/founded,1943-05-15,TRUE
205,http://dbkwik.webdatacommons.org/starwars.wikia.com/resource/Feargus_Urquhart,http://dbkwik.webdatacommons.org/starwars.wikia.com/property/nationality,American,http://dbpedia.org/resource/Feargus_Urquhart,http://dbpedia.org/property/nationality,Scottish,FALSE
206,http://dbkwik.webdatacommons.org/starwars.wikia.com/resource/Ian_Edginton,http://dbkwik.webdatacommons.org/starwars.wikia.com/property/nationality,British,http://dbpedia.org/resource/Ian_Edginton,http://dbpedia.org/property/nationality,British,TRUE
207,http://dbkwik.webdatacommons.org/starwars.wikia.com/resource/Steve_Perry,http://dbkwik.webdatacommons.org/starwars.wikia.com/property/nationality,American,http://dbpedia.org/resource/Stephen_Perry_(writer),http://dbpedia.org/property/nationality,American,TRUE
208,http://dbkwik.webdatacommons.org/starwars.wikia.com/resource/Steve_Perry,http://dbkwik.webdatacommons.org/starwars.wikia.com/property/nationality,American,http://dbpedia.org/resource/Stephen_Perry_(writer),http://dbpedia.org/ontology/nationality,http://dbpedia.org/resource/People_of_the_United_States,TRUE
209,http://dbkwik.webdatacommons.org/starwars.wikia.com/resource/Fares_Fares,http://dbkwik.webdatacommons.org/starwars.wikia.com/property/nationality,Swedish-Lebanese,http://dbpedia.org/resource/Fares_Fares,http://dbpedia.org/property/nationality,http://dbpedia.org/resource/Swedish_nationality_law,TRUE
210,http://dbkwik.webdatacommons.org/starwars.wikia.com/resource/Fares_Fares,http://dbkwik.webdatacommons.org/starwars.wikia.com/property/nationality,Swedish-Lebanese,http://dbpedia.org/resource/Fares_Fares,http://dbpedia.org/ontology/nationality,http://dbpedia.org/resource/Swedish_nationality_law,TRUE
211,http://dbkwik.webdatacommons.org/starwars.wikia.com/resource/Mallatobuck/Legends,http://dbkwik.webdatacommons.org/starwars.wikia.com/property/gender,http://dbkwik.webdatacommons.org/starwars.wikia.com/resource/Sexes/Legends,http://dbpedia.org/resource/Chewbacca,http://dbpedia.org/property/gender,Male,FALSE
212,http://dbkwik.webdatacommons.org/starwars.wikia.com/resource/Adam_Savage,http://dbkwik.webdatacommons.org/starwars.wikia.com/property/nationality,American,http://dbpedia.org/resource/Adam_Savage,http://dbpedia.org/property/nationality,American,TRUE
213,http://dbkwik.webdatacommons.org/starwars.wikia.com/resource/Adam_Savage,http://dbkwik.webdatacommons.org/starwars.wikia.com/property/website,http://adamsavage.com/,http://dbpedia.org/resource/Adam_Savage,http://dbpedia.org/property/website,http://adamsavage.com/,TRUE
214,http://dbkwik.webdatacommons.org/starwars.wikia.com/resource/Daxiong,http://dbkwik.webdatacommons.org/starwars.wikia.com/property/nationality,Chinese,http://dbpedia.org/resource/Daxiong,http://dbpedia.org/property/nationality,Chinese,TRUE
215,http://dbkwik.webdatacommons.org/starwars.wikia.com/resource/Pierce_Brown,http://dbkwik.webdatacommons.org/starwars.wikia.com/property/website,http://piercebrownbooks.com/,http://dbpedia.org/resource/Pierce_Brown,http://dbpedia.org/property/website,http://piercebrown.com/,TRUE
216,http://dbkwik.webdatacommons.org/starwars.wikia.com/resource/Obi-Wan_Kenobi,http://dbkwik.webdatacommons.org/starwars.wikia.com/property/gender,http://dbkwik.webdatacommons.org/starwars.wikia.com/resource/Sexes,http://dbpedia.org/resource/Obi-Wan_Kenobi,http://dbpedia.org/property/gender,Male,FALSE
217,http://dbkwik.webdatacommons.org/starwars.wikia.com/resource/Sean_Williams,http://dbkwik.webdatacommons.org/starwars.wikia.com/property/nationality,Australian,http://dbpedia.org/resource/Sean_Williams_(author),http://dbpedia.org/property/nationality,Australian,TRUE
218,http://dbkwik.webdatacommons.org/starwars.wikia.com/resource/Sean_Williams,http://dbkwik.webdatacommons.org/starwars.wikia.com/property/nationality,Australian,http://dbpedia.org/resource/Sean_Williams_(author),http://dbpedia.org/ontology/nationality,http://dbpedia.org/resource/People_of_Australia,TRUE
219,http://dbkwik.webdatacommons.org/starwars.wikia.com/resource/Skywalker_Sound,http://dbkwik.webdatacommons.org/starwars.wikia.com/property/parent,http://dbkwik.webdatacommons.org/starwars.wikia.com/resource/Lucasfilm_Ltd.,http://dbpedia.org/resource/Skywalker_Sound,http://dbpedia.org/property/parent,http://dbpedia.org/resource/Lucasfilm_Ltd.,TRUE
220,http://dbkwik.webdatacommons.org/starwars.wikia.com/resource/Terry_Dodson,http://dbkwik.webdatacommons.org/starwars.wikia.com/property/nationality,American,http://dbpedia.org/resource/Terry_Dodson,http://dbpedia.org/property/nationality,American,TRUE
221,http://dbkwik.webdatacommons.org/starwars.wikia.com/resource/Carrie_Fisher,http://dbkwik.webdatacommons.org/starwars.wikia.com/property/website,http://www.carriefisher.com,http://dbpedia.org/resource/Carrie_Fisher,http://dbpedia.org/property/website,https://carriefisher.com/,TRUE
222,http://dbkwik.webdatacommons.org/starwars.wikia.com/resource/Timothy_Zahn,http://dbkwik.webdatacommons.org/starwars.wikia.com/property/nationality,American,http://dbpedia.org/resource/Timothy_Zahn,http://dbpedia.org/property/nationality,American,TRUE
223,http://dbkwik.webdatacommons.org/starwars.wikia.com/resource/Karen_Miller,http://dbkwik.webdatacommons.org/starwars.wikia.com/property/nationality,Australian,http://dbpedia.org/resource/Karen_Miller,http://dbpedia.org/property/nationality,Australian,TRUE
224,http://dbkwik.webdatacommons.org/starwars.wikia.com/resource/Maya_Kaathryn_Bohnhoff,http://dbkwik.webdatacommons.org/starwars.wikia.com/property/nationality,American,http://dbpedia.org/resource/Maya_Kaathryn_Bohnhoff,http://dbpedia.org/property/nationality,American,TRUE
225,http://dbkwik.webdatacommons.org/starwars.wikia.com/resource/Jeffrey_Brown,http://dbkwik.webdatacommons.org/starwars.wikia.com/property/nationality,American,http://dbpedia.org/resource/Jeffrey_Brown_(cartoonist),http://dbpedia.org/property/nationality,American,TRUE
226,http://dbkwik.webdatacommons.org/starwars.wikia.com/resource/Jeffrey_Brown,http://dbkwik.webdatacommons.org/starwars.wikia.com/property/website,http://www.jeffreybrowncomics.com/,http://dbpedia.org/resource/Jeffrey_Brown_(cartoonist),http://dbpedia.org/property/website,http://www.jeffreybrowncomics.com,TRUE
227,http://dbkwik.webdatacommons.org/starwars.wikia.com/resource/Chuck_Dixon,http://dbkwik.webdatacommons.org/starwars.wikia.com/property/nationality,American,http://dbpedia.org/resource/Chuck_Dixon,http://dbpedia.org/property/nationality,American,TRUE
228,http://dbkwik.webdatacommons.org/starwars.wikia.com/resource/Greg_Weisman,http://dbkwik.webdatacommons.org/starwars.wikia.com/property/nationality,American,http://dbpedia.org/resource/Greg_Weisman,http://dbpedia.org/property/nationality,American,TRUE
229,http://dbkwik.webdatacommons.org/starwars.wikia.com/resource/Kevin_Hearne,http://dbkwik.webdatacommons.org/starwars.wikia.com/property/nationality,American,http://dbpedia.org/resource/Kevin_Hearne,http://dbpedia.org/property/nationality,Canadian,FALSE
230,http://dbkwik.webdatacommons.org/starwars.wikia.com/resource/Matt_Kindt,http://dbkwik.webdatacommons.org/starwars.wikia.com/property/nationality,American,http://dbpedia.org/resource/Matt_Kindt,http://dbpedia.org/property/nationality,American,TRUE
231,http://dbkwik.webdatacommons.org/starwars.wikia.com/resource/Matt_Kindt,http://dbkwik.webdatacommons.org/starwars.wikia.com/property/website,http://www.mattkindtshop.com/,http://dbpedia.org/resource/Matt_Kindt,http://dbpedia.org/property/website,http://www.mattkindt.com,TRUE
232,http://dbkwik.webdatacommons.org/starwars.wikia.com/resource/Timothy_Truman,http://dbkwik.webdatacommons.org/starwars.wikia.com/property/nationality,American,http://dbpedia.org/resource/Timothy_Truman,http://dbpedia.org/property/nationality,American,TRUE
233,http://dbkwik.webdatacommons.org/starwars.wikia.com/resource/Raphael_Sbarge,http://dbkwik.webdatacommons.org/starwars.wikia.com/property/website,http://www.raphaelsbarge.com/,http://dbpedia.org/resource/Raphael_Sbarge,http://dbpedia.org/property/website,http://www.raphaelsbarge.com/,TRUE
234,http://dbkwik.webdatacommons.org/starwars.wikia.com/resource/Sideshow_Collectibles,http://dbkwik.webdatacommons.org/starwars.wikia.com/property/website,http://www.sideshowtoy.com/,http://dbpedia.org/resource/Sideshow_Collectibles,http://dbpedia.org/property/website,https://www.sideshow.com/%7Csideshow.com,TRUE
235,http://dbkwik.webdatacommons.org/starwars.wikia.com/resource/Tonči_Zonjić,http://dbkwik.webdatacommons.org/starwars.wikia.com/property/website,http://www.to-zo.com/,http://dbpedia.org/resource/Tonči_Zonjić,http://dbpedia.org/property/website,http://www.to-zo.com/,TRUE
236,http://dbkwik.webdatacommons.org/starwars.wikia.com/resource/Bob_Fingerman,http://dbkwik.webdatacommons.org/starwars.wikia.com/property/nationality,American,http://dbpedia.org/resource/Bob_Fingerman,http://dbpedia.org/property/nationality,American,TRUE
237,http://dbkwik.webdatacommons.org/starwars.wikia.com/resource/Bob_Fingerman,http://dbkwik.webdatacommons.org/starwars.wikia.com/property/website,http://www.bobfingerman.com/,http://dbpedia.org/resource/Bob_Fingerman,http://dbpedia.org/property/website,http://www.bobfingerman.com,TRUE
238,http://dbkwik.webdatacommons.org/starwars.wikia.com/resource/Wizards_of_the_Coast,http://dbkwik.webdatacommons.org/starwars.wikia.com/property/parent,http://dbkwik.webdatacommons.org/starwars.wikia.com/resource/Hasbro_Inc.,http://dbpedia.org/resource/Wizards_of_the_Coast,http://dbpedia.org/property/parent,http://dbpedia.org/resource/Hasbro,TRUE
239,http://dbkwik.webdatacommons.org/starwars.wikia.com/resource/John_Berkey,http://dbkwik.webdatacommons.org/starwars.wikia.com/property/nationality,American,http://dbpedia.org/resource/John_Berkey,http://dbpedia.org/property/nationality,American,TRUE
240,http://dbkwik.webdatacommons.org/starwars.wikia.com/resource/Respawn_Entertainment,http://dbkwik.webdatacommons.org/starwars.wikia.com/property/founded,2010,http://dbpedia.org/resource/Respawn_Entertainment,http://dbpedia.org/property/founded,2010-04-12,TRUE
241,http://dbkwik.webdatacommons.org/starwars.wikia.com/resource/Respawn_Entertainment,http://dbkwik.webdatacommons.org/starwars.wikia.com/property/parent,http://dbkwik.webdatacommons.org/starwars.wikia.com/resource/Electronic_Arts,http://dbpedia.org/resource/Respawn_Entertainment,http://dbpedia.org/property/parent,http://dbpedia.org/resource/Electronic_Arts,TRUE
242,http://dbkwik.webdatacommons.org/starwars.wikia.com/resource/Respawn_Entertainment,http://dbkwik.webdatacommons.org/starwars.wikia.com/property/website,http://www.respawn.com/,http://dbpedia.org/resource/Respawn_Entertainment,http://dbpedia.org/property/website,https://www.respawn.com/%7Crespawn.com,TRUE
243,http://dbkwik.webdatacommons.org/starwars.wikia.com/resource/Rick_Geary,http://dbkwik.webdatacommons.org/starwars.wikia.com/property/nationality,American,http://dbpedia.org/resource/Rick_Geary,http://dbpedia.org/property/nationality,http://dbpedia.org/resource/United_States,TRUE
244,http://dbkwik.webdatacommons.org/starwars.wikia.com/resource/Rick_Geary,http://dbkwik.webdatacommons.org/starwars.wikia.com/property/nationality,American,http://dbpedia.org/resource/Rick_Geary,http://dbpedia.org/ontology/nationality,http://dbpedia.org/resource/United_States,TRUE
245,http://dbkwik.webdatacommons.org/starwars.wikia.com/resource/Star_Wars:_Rogue_Squadron_II:_Rogue_Leader,http://dbkwik.webdatacommons.org/starwars.wikia.com/property/developer,http://dbkwik.webdatacommons.org/starwars.wikia.com/resource/Factor_5,http://dbpedia.org/resource/Star_Wars_Rogue_Squadron_II:_Rogue_Leader,http://dbpedia.org/ontology/developer,http://dbpedia.org/resource/LucasArts,FALSE
246,http://dbkwik.webdatacommons.org/starwars.wikia.com/resource/Star_Wars:_Rogue_Squadron_II:_Rogue_Leader,http://dbkwik.webdatacommons.org/starwars.wikia.com/property/developer,http://dbkwik.webdatacommons.org/starwars.wikia.com/resource/Factor_5,http://dbpedia.org/resource/Star_Wars_Rogue_Squadron_II:_Rogue_Leader,http://dbpedia.org/ontology/developer,http://dbpedia.org/resource/Factor_5,TRUE
247,http://dbkwik.webdatacommons.org/starwars.wikia.com/resource/Steve_Yedlin,http://dbkwik.webdatacommons.org/starwars.wikia.com/property/nationality,American,http://dbpedia.org/resource/Steve_Yedlin,http://dbpedia.org/property/nationality,American,TRUE
248,http://dbkwik.webdatacommons.org/starwars.wikia.com/resource/Anna_Rust,http://dbkwik.webdatacommons.org/starwars.wikia.com/property/nationality,English,http://dbpedia.org/resource/Anna_Rust,http://dbpedia.org/property/nationality,British,FALSE
249,http://dbkwik.webdatacommons.org/starwars.wikia.com/resource/Russ_Manning,http://dbkwik.webdatacommons.org/starwars.wikia.com/property/nationality,American,http://dbpedia.org/resource/Russ_Manning,http://dbpedia.org/property/nationality,http://dbpedia.org/resource/United_States,TRUE
250,http://dbkwik.webdatacommons.org/starwars.wikia.com/resource/Russ_Manning,http://dbkwik.webdatacommons.org/starwars.wikia.com/property/nationality,American,http://dbpedia.org/resource/Russ_Manning,http://dbpedia.org/ontology/nationality,http://dbpedia.org/resource/United_States,TRUE
251,http://dbkwik.webdatacommons.org/starwars.wikia.com/resource/Matt_Fraction,http://dbkwik.webdatacommons.org/starwars.wikia.com/property/nationality,American,http://dbpedia.org/resource/Matt_Fraction,http://dbpedia.org/property/nationality,American,TRUE
252,http://dbkwik.webdatacommons.org/starwars.wikia.com/resource/Matt_Fraction,http://dbkwik.webdatacommons.org/starwars.wikia.com/property/nationality,American,http://dbpedia.org/resource/Matt_Fraction,http://dbpedia.org/ontology/nationality,http://dbpedia.org/resource/Americans,TRUE
253,http://dbkwik.webdatacommons.org/starwars.wikia.com/resource/Matt_Fraction,http://dbkwik.webdatacommons.org/starwars.wikia.com/property/website,http://mattfraction.com/,http://dbpedia.org/resource/Matt_Fraction,http://dbpedia.org/property/website,http://www.mattfraction.com,TRUE
254,http://dbkwik.webdatacommons.org/starwars.wikia.com/resource/Richard_Donat,http://dbkwik.webdatacommons.org/starwars.wikia.com/property/nationality,Canadian,http://dbpedia.org/resource/Richard_Donat,http://dbpedia.org/property/nationality,Canadian,TRUE
255,http://dbkwik.webdatacommons.org/starwars.wikia.com/resource/Phil_Noto,http://dbkwik.webdatacommons.org/starwars.wikia.com/property/nationality,American,http://dbpedia.org/resource/Phil_Noto,http://dbpedia.org/property/nationality,http://dbpedia.org/resource/United_States,TRUE
256,http://dbkwik.webdatacommons.org/starwars.wikia.com/resource/Phil_Noto,http://dbkwik.webdatacommons.org/starwars.wikia.com/property/nationality,American,http://dbpedia.org/resource/Phil_Noto,http://dbpedia.org/ontology/nationality,http://dbpedia.org/resource/United_States,TRUE
257,http://dbkwik.webdatacommons.org/starwars.wikia.com/resource/Phil_Noto,http://dbkwik.webdatacommons.org/starwars.wikia.com/property/website,http://www.notoart.com/,http://dbpedia.org/resource/Phil_Noto,http://dbpedia.org/property/website,http://www.notoart.com,TRUE
258,http://dbkwik.webdatacommons.org/starwars.wikia.com/resource/Nika_Futterman,http://dbkwik.webdatacommons.org/starwars.wikia.com/property/nationality,American,http://dbpedia.org/resource/Nika_Futterman,http://dbpedia.org/property/nationality,American,TRUE
259,http://dbkwik.webdatacommons.org/starwars.wikia.com/resource/Marjorie_Eaton,http://dbkwik.webdatacommons.org/starwars.wikia.com/property/nationality,American,http://dbpedia.org/resource/Marjorie_Eaton,http://dbpedia.org/property/nationality,American,TRUE
260,http://dbkwik.webdatacommons.org/starwars.wikia.com/resource/Mickey_Mouse,http://dbkwik.webdatacommons.org/starwars.wikia.com/property/gender,http://dbkwik.webdatacommons.org/starwars.wikia.com/resource/Sexes/Legends,http://dbpedia.org/resource/Mickey_Mouse,http://dbpedia.org/property/gender,Male,FALSE
261,"http://dbkwik.webdatacommons.org/starwars.wikia.com/resource/Mike_Deodato,_Jr.",http://dbkwik.webdatacommons.org/starwars.wikia.com/property/nationality,Brazilian,http://dbpedia.org/resource/Mike_Deodato,http://dbpedia.org/property/nationality,Brazilian,TRUE
262,http://dbkwik.webdatacommons.org/starwars.wikia.com/resource/Doug_Beason,http://dbkwik.webdatacommons.org/starwars.wikia.com/property/nationality,American,http://dbpedia.org/resource/Doug_Beason,http://dbpedia.org/property/nationality,American,TRUE
263,http://dbkwik.webdatacommons.org/starwars.wikia.com/resource/Rodolfo_Migliari,http://dbkwik.webdatacommons.org/starwars.wikia.com/property/nationality,Argentine,http://dbpedia.org/resource/Rodolfo_Migliari,http://dbpedia.org/property/nationality,http://dbpedia.org/resource/Argentine,TRUE
264,http://dbkwik.webdatacommons.org/starwars.wikia.com/resource/Rodolfo_Migliari,http://dbkwik.webdatacommons.org/starwars.wikia.com/property/nationality,Argentine,http://dbpedia.org/resource/Rodolfo_Migliari,http://dbpedia.org/ontology/nationality,http://dbpedia.org/resource/Argentine,TRUE
265,http://dbkwik.webdatacommons.org/starwars.wikia.com/resource/Lucasfilm_Animation,http://dbkwik.webdatacommons.org/starwars.wikia.com/property/founded,2003,http://dbpedia.org/resource/Lucasfilm_Animation,http://dbpedia.org/property/founded,2003-03-03,TRUE
266,http://dbkwik.webdatacommons.org/starwars.wikia.com/resource/Lucasfilm_Animation,http://dbkwik.webdatacommons.org/starwars.wikia.com/property/parent,http://dbkwik.webdatacommons.org/starwars.wikia.com/resource/Lucasfilm_Ltd.,http://dbpedia.org/resource/Lucasfilm_Animation,http://dbpedia.org/property/parent,http://dbpedia.org/resource/Lucasfilm,TRUE
267,http://dbkwik.webdatacommons.org/starwars.wikia.com/resource/Ben_Templesmith,http://dbkwik.webdatacommons.org/starwars.wikia.com/property/nationality,Australian,http://dbpedia.org/resource/Ben_Templesmith,http://dbpedia.org/property/nationality,Australian,TRUE
268,http://dbkwik.webdatacommons.org/starwars.wikia.com/resource/Louise_Simonson,http://dbkwik.webdatacommons.org/starwars.wikia.com/property/nationality,American,http://dbpedia.org/resource/Louise_Simonson,http://dbpedia.org/property/nationality,American,TRUE
269,http://dbkwik.webdatacommons.org/starwars.wikia.com/resource/Louise_Simonson,http://dbkwik.webdatacommons.org/starwars.wikia.com/property/nationality,American,http://dbpedia.org/resource/Louise_Simonson,http://dbpedia.org/ontology/nationality,http://dbpedia.org/resource/Americans,TRUE
270,http://dbkwik.webdatacommons.org/starwars.wikia.com/resource/Jim_Woodring,http://dbkwik.webdatacommons.org/starwars.wikia.com/property/nationality,American,http://dbpedia.org/resource/Jim_Woodring,http://dbpedia.org/property/nationality,American,TRUE
271,http://dbkwik.webdatacommons.org/starwars.wikia.com/resource/Jim_Woodring,http://dbkwik.webdatacommons.org/starwars.wikia.com/property/nationality,American,http://dbpedia.org/resource/Jim_Woodring,http://dbpedia.org/ontology/nationality,http://dbpedia.org/resource/People_of_the_United_States,TRUE
272,http://dbkwik.webdatacommons.org/starwars.wikia.com/resource/Tony_DiTerlizzi,http://dbkwik.webdatacommons.org/starwars.wikia.com/property/website,http://diterlizzi.com/home/,http://dbpedia.org/resource/Tony_DiTerlizzi,http://dbpedia.org/property/website,https://diterlizzi.com/,TRUE
273,http://dbkwik.webdatacommons.org/starwars.wikia.com/resource/Tommy_Lee_Edwards,http://dbkwik.webdatacommons.org/starwars.wikia.com/property/nationality,American,http://dbpedia.org/resource/Tommy_Lee_Edwards,http://dbpedia.org/property/nationality,http://dbpedia.org/resource/People_of_the_United_States,TRUE
274,http://dbkwik.webdatacommons.org/starwars.wikia.com/resource/Tommy_Lee_Edwards,http://dbkwik.webdatacommons.org/starwars.wikia.com/property/nationality,American,http://dbpedia.org/resource/Tommy_Lee_Edwards,http://dbpedia.org/ontology/nationality,http://dbpedia.org/resource/People_of_the_United_States,TRUE
275,http://dbkwik.webdatacommons.org/starwars.wikia.com/resource/Tommy_Lee_Edwards,http://dbkwik.webdatacommons.org/starwars.wikia.com/property/website,http://www.tommyleeedwards.com/,http://dbpedia.org/resource/Tommy_Lee_Edwards,http://dbpedia.org/property/website,http://www.tommyleeedwards.com/,TRUE
276,http://dbkwik.webdatacommons.org/starwars.wikia.com/resource/Sabaa_Tahir,http://dbkwik.webdatacommons.org/starwars.wikia.com/property/nationality,American,http://dbpedia.org/resource/Sabaa_Tahir,http://dbpedia.org/property/nationality,American,TRUE
277,http://dbkwik.webdatacommons.org/starwars.wikia.com/resource/Marvel_Comics,http://dbkwik.webdatacommons.org/starwars.wikia.com/property/parent,http://dbkwik.webdatacommons.org/starwars.wikia.com/resource/Marvel_Entertainment,http://dbpedia.org/resource/Marvel_Comics,http://dbpedia.org/property/parent,http://dbpedia.org/resource/Marvel_Entertainment,TRUE
278,http://dbkwik.webdatacommons.org/starwars.wikia.com/resource/Marvel_Comics,http://dbkwik.webdatacommons.org/starwars.wikia.com/property/parent,http://dbkwik.webdatacommons.org/starwars.wikia.com/resource/Marvel_Entertainment,http://dbpedia.org/resource/Marvel_Comics,http://dbpedia.org/property/parent,,FALSE
279,http://dbkwik.webdatacommons.org/starwars.wikia.com/resource/Marvel_Comics,http://dbkwik.webdatacommons.org/starwars.wikia.com/property/website,http://marvel.com,http://dbpedia.org/resource/Marvel_Comics,http://dbpedia.org/property/website,https://www.marvel.com/%7Cwww.marvel.com,TRUE
280,http://dbkwik.webdatacommons.org/starwars.wikia.com/resource/Star_Wars:_Shattered_Empire,http://dbkwik.webdatacommons.org/starwars.wikia.com/property/publisher,http://dbkwik.webdatacommons.org/starwars.wikia.com/resource/Marvel_Comics,http://dbpedia.org/resource/Star_Wars:_Shattered_Empire,http://dbpedia.org/ontology/publisher,http://dbpedia.org/resource/Marvel_Comics,TRUE
281,http://dbkwik.webdatacommons.org/starwars.wikia.com/resource/William_C._Dietz,http://dbkwik.webdatacommons.org/starwars.wikia.com/property/nationality,American,http://dbpedia.org/resource/William_C._Dietz,http://dbpedia.org/property/nationality,American,TRUE
282,http://dbkwik.webdatacommons.org/starwars.wikia.com/resource/Kevin_Nowlan,http://dbkwik.webdatacommons.org/starwars.wikia.com/property/nationality,American,http://dbpedia.org/resource/Kevin_Nowlan,http://dbpedia.org/property/nationality,http://dbpedia.org/resource/Americans,TRUE
283,http://dbkwik.webdatacommons.org/starwars.wikia.com/resource/Kevin_Nowlan,http://dbkwik.webdatacommons.org/starwars.wikia.com/property/nationality,American,http://dbpedia.org/resource/Kevin_Nowlan,http://dbpedia.org/ontology/nationality,http://dbpedia.org/resource/Americans,TRUE
284,http://dbkwik.webdatacommons.org/starwars.wikia.com/resource/Peter_Bagge,http://dbkwik.webdatacommons.org/starwars.wikia.com/property/nationality,American,http://dbpedia.org/resource/Peter_Bagge,http://dbpedia.org/property/nationality,American,TRUE
285,http://dbkwik.webdatacommons.org/starwars.wikia.com/resource/Peter_Bagge,http://dbkwik.webdatacommons.org/starwars.wikia.com/property/nationality,American,http://dbpedia.org/resource/Peter_Bagge,http://dbpedia.org/ontology/nationality,http://dbpedia.org/resource/People_of_the_United_States,TRUE
286,http://dbkwik.webdatacommons.org/starwars.wikia.com/resource/Spencer_Wilding,http://dbkwik.webdatacommons.org/starwars.wikia.com/property/nationality,Welsh,http://dbpedia.org/resource/Spencer_Wilding,http://dbpedia.org/property/nationality,"Welsh,",TRUE
287,http://dbkwik.webdatacommons.org/starwars.wikia.com/resource/Jordie_Bellaire,http://dbkwik.webdatacommons.org/starwars.wikia.com/property/nationality,American,http://dbpedia.org/resource/Jordie_Bellaire,http://dbpedia.org/property/nationality,American,TRUE
288,http://dbkwik.webdatacommons.org/starwars.wikia.com/resource/Jordie_Bellaire,http://dbkwik.webdatacommons.org/starwars.wikia.com/property/nationality,American,http://dbpedia.org/resource/Jordie_Bellaire,http://dbpedia.org/ontology/nationality,http://dbpedia.org/resource/Americans,TRUE
289,http://dbkwik.webdatacommons.org/starwars.wikia.com/resource/Ralph_McQuarrie,http://dbkwik.webdatacommons.org/starwars.wikia.com/property/nationality,American,http://dbpedia.org/resource/Ralph_McQuarrie,http://dbpedia.org/property/nationality,American,TRUE
290,http://dbkwik.webdatacommons.org/starwars.wikia.com/resource/Star_Wars:_Episode_I_Racer,http://dbkwik.webdatacommons.org/starwars.wikia.com/property/developer,http://dbkwik.webdatacommons.org/starwars.wikia.com/resource/LucasArts,http://dbpedia.org/resource/Star_Wars_Episode_I:_Racer,http://dbpedia.org/ontology/developer,http://dbpedia.org/resource/LucasArts,TRUE
291,http://dbkwik.webdatacommons.org/starwars.wikia.com/resource/Star_Wars:_Episode_I_Racer,http://dbkwik.webdatacommons.org/starwars.wikia.com/property/publisher,Nintendo,http://dbpedia.org/resource/Star_Wars_Episode_I:_Racer,http://dbpedia.org/ontology/publisher,http://dbpedia.org/resource/LucasArts,FALSE
292,http://dbkwik.webdatacommons.org/starwars.wikia.com/resource/Star_Wars:_Episode_I_Racer,http://dbkwik.webdatacommons.org/starwars.wikia.com/property/publisher,Nintendo,http://dbpedia.org/resource/Star_Wars_Episode_I:_Racer,http://dbpedia.org/ontology/publisher,http://dbpedia.org/resource/Nintendo,TRUE
293,http://dbkwik.webdatacommons.org/starwars.wikia.com/resource/Star_Wars:_Episode_I_Racer,http://dbkwik.webdatacommons.org/starwars.wikia.com/property/publisher,Nintendo,http://dbpedia.org/resource/Star_Wars_Episode_I:_Racer,http://dbpedia.org/ontology/publisher,http://dbpedia.org/resource/Aspyr,FALSE
294,http://dbkwik.webdatacommons.org/starwars.wikia.com/resource/Star_Wars:_Episode_I_Racer,http://dbkwik.webdatacommons.org/starwars.wikia.com/property/publisher,Nintendo,http://dbpedia.org/resource/Star_Wars_Episode_I:_Racer,http://dbpedia.org/ontology/publisher,http://dbpedia.org/resource/THQ_Nordic,FALSE
295,http://dbkwik.webdatacommons.org/starwars.wikia.com/resource/Star_Wars:_Episode_I_Racer,http://dbkwik.webdatacommons.org/starwars.wikia.com/property/publisher,http://dbkwik.webdatacommons.org/starwars.wikia.com/resource/LucasArts,http://dbpedia.org/resource/Star_Wars_Episode_I:_Racer,http://dbpedia.org/ontology/publisher,http://dbpedia.org/resource/LucasArts,TRUE
296,http://dbkwik.webdatacommons.org/starwars.wikia.com/resource/Star_Wars:_Episode_I_Racer,http://dbkwik.webdatacommons.org/starwars.wikia.com/property/publisher,http://dbkwik.webdatacommons.org/starwars.wikia.com/resource/LucasArts,http://dbpedia.org/resource/Star_Wars_Episode_I:_Racer,http://dbpedia.org/ontology/publisher,http://dbpedia.org/resource/Nintendo,FALSE
297,http://dbkwik.webdatacommons.org/starwars.wikia.com/resource/Star_Wars:_Episode_I_Racer,http://dbkwik.webdatacommons.org/starwars.wikia.com/property/publisher,http://dbkwik.webdatacommons.org/starwars.wikia.com/resource/LucasArts,http://dbpedia.org/resource/Star_Wars_Episode_I:_Racer,http://dbpedia.org/ontology/publisher,http://dbpedia.org/resource/Aspyr,FALSE
298,http://dbkwik.webdatacommons.org/starwars.wikia.com/resource/Star_Wars:_Episode_I_Racer,http://dbkwik.webdatacommons.org/starwars.wikia.com/property/publisher,http://dbkwik.webdatacommons.org/starwars.wikia.com/resource/LucasArts,http://dbpedia.org/resource/Star_Wars_Episode_I:_Racer,http://dbpedia.org/ontology/publisher,http://dbpedia.org/resource/THQ_Nordic,FALSE
299,http://dbkwik.webdatacommons.org/starwars.wikia.com/resource/Star_Wars:_Masters_of_Teräs_Käsi,http://dbkwik.webdatacommons.org/starwars.wikia.com/property/developer,http://dbkwik.webdatacommons.org/starwars.wikia.com/resource/LucasArts,http://dbpedia.org/resource/Star_Wars:_Masters_of_Teräs_Käsi,http://dbpedia.org/ontology/developer,http://dbpedia.org/resource/LucasArts,TRUE
300,http://dbkwik.webdatacommons.org/starwars.wikia.com/resource/Star_Wars:_Masters_of_Teräs_Käsi,http://dbkwik.webdatacommons.org/starwars.wikia.com/property/publisher,http://dbkwik.webdatacommons.org/starwars.wikia.com/resource/LucasArts,http://dbpedia.org/resource/Star_Wars:_Masters_of_Teräs_Käsi,http://dbpedia.org/ontology/publisher,http://dbpedia.org/resource/LucasArts,TRUE
301,http://dbkwik.webdatacommons.org/starwars.wikia.com/resource/Star_Wars_Galaxies,http://dbkwik.webdatacommons.org/starwars.wikia.com/property/developer,http://dbkwik.webdatacommons.org/starwars.wikia.com/resource/Sony,http://dbpedia.org/resource/Star_Wars_Galaxies,http://dbpedia.org/ontology/developer,http://dbpedia.org/resource/Sony_Online_Entertainment,TRUE
302,http://dbkwik.webdatacommons.org/starwars.wikia.com/resource/Star_Wars_Galaxies,http://dbkwik.webdatacommons.org/starwars.wikia.com/property/publisher,http://dbkwik.webdatacommons.org/starwars.wikia.com/resource/LucasArts,http://dbpedia.org/resource/Star_Wars_Galaxies,http://dbpedia.org/ontology/publisher,http://dbpedia.org/resource/LucasArts,TRUE
303,http://dbkwik.webdatacommons.org/starwars.wikia.com/resource/Parker_Brothers,http://dbkwik.webdatacommons.org/starwars.wikia.com/property/parent,Hasbro,http://dbpedia.org/resource/Parker_Brothers,http://dbpedia.org/property/parent,http://dbpedia.org/resource/Hasbro,TRUE
304,http://dbkwik.webdatacommons.org/starwars.wikia.com/resource/Ron_James,http://dbkwik.webdatacommons.org/starwars.wikia.com/property/website,http://www.ronjames.ca/,http://dbpedia.org/resource/Ron_James_(comedian),http://dbpedia.org/property/website,http://www.ronjames.ca/,TRUE
305,http://dbkwik.webdatacommons.org/starwars.wikia.com/resource/Cam_Kennedy,http://dbkwik.webdatacommons.org/starwars.wikia.com/property/nationality,Scottish,http://dbpedia.org/resource/Cam_Kennedy,http://dbpedia.org/property/nationality,Scottish,TRUE
306,http://dbkwik.webdatacommons.org/starwars.wikia.com/resource/Cam_Kennedy,http://dbkwik.webdatacommons.org/starwars.wikia.com/property/nationality,Scottish,http://dbpedia.org/resource/Cam_Kennedy,http://dbpedia.org/ontology/nationality,http://dbpedia.org/resource/Scottish_people,TRUE
307,http://dbkwik.webdatacommons.org/starwars.wikia.com/resource/Star_Wars:_Racer_Revenge,http://dbkwik.webdatacommons.org/starwars.wikia.com/property/developer,http://dbkwik.webdatacommons.org/starwars.wikia.com/resource/Rainbow_Studios,http://dbpedia.org/resource/Star_Wars_Racer_Revenge,http://dbpedia.org/ontology/developer,http://dbpedia.org/resource/Rainbow_Studios,TRUE
308,http://dbkwik.webdatacommons.org/starwars.wikia.com/resource/Star_Wars:_Racer_Revenge,http://dbkwik.webdatacommons.org/starwars.wikia.com/property/publisher,http://dbkwik.webdatacommons.org/starwars.wikia.com/resource/LucasArts,http://dbpedia.org/resource/Star_Wars_Racer_Revenge,http://dbpedia.org/ontology/publisher,http://dbpedia.org/resource/LucasArts,TRUE
309,http://dbkwik.webdatacommons.org/starwars.wikia.com/resource/Simone_Bianchi,http://dbkwik.webdatacommons.org/starwars.wikia.com/property/nationality,Italian,http://dbpedia.org/resource/Simone_Bianchi_(artist),http://dbpedia.org/property/nationality,Italian,TRUE
310,http://dbkwik.webdatacommons.org/starwars.wikia.com/resource/Simone_Bianchi,http://dbkwik.webdatacommons.org/starwars.wikia.com/property/nationality,Italian,http://dbpedia.org/resource/Simone_Bianchi_(artist),http://dbpedia.org/ontology/nationality,http://dbpedia.org/resource/Italian_people,TRUE
311,http://dbkwik.webdatacommons.org/starwars.wikia.com/resource/P._Craig_Russell,http://dbkwik.webdatacommons.org/starwars.wikia.com/property/nationality,American,http://dbpedia.org/resource/P._Craig_Russell,http://dbpedia.org/property/nationality,American,TRUE
312,http://dbkwik.webdatacommons.org/starwars.wikia.com/resource/TT_Games,http://dbkwik.webdatacommons.org/starwars.wikia.com/property/parent,http://dbkwik.webdatacommons.org/starwars.wikia.com/resource/Warner_Bros._Interactive_Entertainment,http://dbpedia.org/resource/TT_Games,http://dbpedia.org/property/parent,http://dbpedia.org/resource/Warner_Bros._Interactive_Entertainment,TRUE
313,http://dbkwik.webdatacommons.org/starwars.wikia.com/resource/Victor_McGuire,http://dbkwik.webdatacommons.org/starwars.wikia.com/property/nationality,English,http://dbpedia.org/resource/Victor_McGuire,http://dbpedia.org/property/nationality,English,TRUE
314,http://dbkwik.webdatacommons.org/starwars.wikia.com/resource/Alex_Ross,http://dbkwik.webdatacommons.org/starwars.wikia.com/property/nationality,American,http://dbpedia.org/resource/Alex_Ross,http://dbpedia.org/property/nationality,American,TRUE
315,http://dbkwik.webdatacommons.org/starwars.wikia.com/resource/Alex_Ross,http://dbkwik.webdatacommons.org/starwars.wikia.com/property/website,http://www.alexrossart.com/,http://dbpedia.org/resource/Alex_Ross,http://dbpedia.org/property/website,http://www.alexrossart.com,TRUE
316,http://dbkwik.webdatacommons.org/starwars.wikia.com/resource/Cullen_Bunn,http://dbkwik.webdatacommons.org/starwars.wikia.com/property/nationality,American,http://dbpedia.org/resource/Cullen_Bunn,http://dbpedia.org/property/nationality,American,TRUE
317,http://dbkwik.webdatacommons.org/starwars.wikia.com/resource/Cullen_Bunn,http://dbkwik.webdatacommons.org/starwars.wikia.com/property/website,http://www.cullenbunn.com/,http://dbpedia.org/resource/Cullen_Bunn,http://dbpedia.org/property/website,www.cullenbunn.com/,TRUE
318,http://dbkwik.webdatacommons.org/starwars.wikia.com/resource/Atari,http://dbkwik.webdatacommons.org/starwars.wikia.com/property/website,http://www.atari.com,http://dbpedia.org/resource/Atari,http://dbpedia.org/property/website,https://www.atari.com/,TRUE
319,http://dbkwik.webdatacommons.org/starwars.wikia.com/resource/Tom_Lyle,http://dbkwik.webdatacommons.org/starwars.wikia.com/property/nationality,American,http://dbpedia.org/resource/Tom_Lyle,http://dbpedia.org/property/nationality,http://dbpedia.org/resource/Americans,TRUE
320,http://dbkwik.webdatacommons.org/starwars.wikia.com/resource/Tom_Lyle,http://dbkwik.webdatacommons.org/starwars.wikia.com/property/nationality,American,http://dbpedia.org/resource/Tom_Lyle,http://dbpedia.org/ontology/nationality,http://dbpedia.org/resource/Americans,TRUE
321,http://dbkwik.webdatacommons.org/starwars.wikia.com/resource/Steve_Gerber,http://dbkwik.webdatacommons.org/starwars.wikia.com/property/nationality,American,http://dbpedia.org/resource/Steve_Gerber,http://dbpedia.org/property/nationality,American,TRUE
322,http://dbkwik.webdatacommons.org/starwars.wikia.com/resource/Olivia_Hussey,http://dbkwik.webdatacommons.org/starwars.wikia.com/property/nationality,English-Argentine,http://dbpedia.org/resource/Olivia_Hussey,http://dbpedia.org/property/nationality,British,FALSE
323,http://dbkwik.webdatacommons.org/starwars.wikia.com/resource/Marvin_Goldhar,http://dbkwik.webdatacommons.org/starwars.wikia.com/property/nationality,Canadian,http://dbpedia.org/resource/Marvin_Goldhar,http://dbpedia.org/property/nationality,http://dbpedia.org/resource/Canadians,TRUE
324,http://dbkwik.webdatacommons.org/starwars.wikia.com/resource/Marvin_Goldhar,http://dbkwik.webdatacommons.org/starwars.wikia.com/property/nationality,Canadian,http://dbpedia.org/resource/Marvin_Goldhar,http://dbpedia.org/ontology/nationality,http://dbpedia.org/resource/Canadians,TRUE
325,http://dbkwik.webdatacommons.org/starwars.wikia.com/resource/Nnedi_Okorafor,http://dbkwik.webdatacommons.org/starwars.wikia.com/property/nationality,American,http://dbpedia.org/resource/Nnedi_Okorafor,http://dbpedia.org/property/nationality,American,TRUE
326,http://dbkwik.webdatacommons.org/starwars.wikia.com/resource/Nnedi_Okorafor,http://dbkwik.webdatacommons.org/starwars.wikia.com/property/nationality,American,http://dbpedia.org/resource/Nnedi_Okorafor,http://dbpedia.org/property/nationality,Nigerian,FALSE
327,http://dbkwik.webdatacommons.org/starwars.wikia.com/resource/Kelly_Sue_DeConnick,http://dbkwik.webdatacommons.org/starwars.wikia.com/property/nationality,American,http://dbpedia.org/resource/Kelly_Sue_DeConnick,http://dbpedia.org/property/nationality,American,TRUE